{"isAddData" : "False", "date" : "2021/07/15", "ä≥é“ÇÃî≠ê∂èÛãµ" : "1308,766,542,0,45,13,882.1,663.6,132.9,", "çsê≠åüç∏êî" : "10388.7,13290,9553,8323,", "ìsÇÃì∆é©åüç∏åèêî" : "667,541,23,29001,5857,3163,5475,43496,6214,", "10çŒñ¢ñû" : "50,103,450,256,211,153,50,20,10,5,0,0,", "ìsì‡î≠ê∂êî" : "185427,57,", "ãÊésí¨ë∫ï ä≥é“êî" : "970,910,2975,2854,5965,5763,9891,9685,2794,2611,3385,3213,3760,3549,6337,5931,5424,5164,5046,4858,9017,8545,13422,12740,5236,5058,6069,5760,7452,6970,4890,4689,4223,4006,2974,2852,6934,6607,8091,7747,8433,8039,5988,5798,7871,7528,4339,4234,1499,1432,1449,1376,1739,1648,855,827,2071,2004,866,828,2148,2051,2965,2847,1062,1016,1261,1199,1259,1233,924,887,921,871,499,471,518,499,672,643,499,478,441,424,745,700,406,383,1012,978,594,576,361,353,592,575,1795,1715,191,186,112,108,10,10,25,25,52,24,0,0,2,2,1,1,5,4,2,2,9,9,0,0,4,4,14987,14863,80,78,"}
{"isAddData" : "False", "date" : "2021/07/18", "ä≥é“ÇÃî≠ê∂èÛãµ" : "1008,597,411,0,43,11,1068.3,733.9,145.6,", "çsê≠åüç∏êî" : "8394.0,9807,9106,6269,", "ìsÇÃì∆é©åüç∏åèêî" : "667,541,23,29001,5857,3163,5475,43496,6214,", "10çŒñ¢ñû" : "43,65,326,203,186,123,26,20,14,2,0,0,", "ìsì‡î≠ê∂êî" : "189116,58,", "ãÊésí¨ë∫ï ä≥é“êî" : "989,919,3045,2890,6093,5820,10092,9777,2848,2643,3451,3258,3872,3609,6555,6029,5565,5228,5170,4917,9207,8634,13732,12873,5341,5101,6197,5850,7623,7103,5004,4730,4309,4067,3042,2885,7105,6699,8285,7816,8618,8152,6082,5856,8059,7633,4406,4251,1531,1445,1482,1386,1781,1663,868,833,2102,2027,878,834,2196,2074,3042,2866,1088,1022,1292,1208,1271,1236,938,895,948,877,507,485,528,503,691,645,514,481,452,426,760,707,414,385,1028,986,605,578,363,354,601,579,1829,1727,192,187,113,108,10,10,25,25,53,41,0,0,2,2,1,1,5,4,2,2,9,9,0,0,4,4,15213,15052,80,79,"}
{"isAddData" : "False", "date" : "2021/07/16", "ä≥é“ÇÃî≠ê∂èÛãµ" : "1271,715,556,0,42,15,946.3,686.7,137.8,", "çsê≠åüç∏êî" : "9194.0,9991,9441,8150,", "ìsÇÃì∆é©åüç∏åèêî" : "667,541,23,29001,5857,3163,5475,43496,6214,", "10çŒñ¢ñû" : "53,109,431,265,201,142,40,17,9,3,1,0,", "ìsì‡î≠ê∂êî" : "186698,53,", "ãÊésí¨ë∫ï ä≥é“êî" : "979,914,2996,2859,6005,5772,9957,9718,2819,2624,3399,3226,3790,3565,6429,5962,5463,5172,5091,4871,9077,8570,13525,12779,5270,5079,6104,5778,7494,7015,4924,4698,4256,4021,2991,2862,6993,6621,8157,7771,8501,8075,6017,5813,7932,7550,4364,4235,1510,1436,1462,1382,1755,1652,862,829,2083,2017,871,832,2156,2062,2994,2856,1068,1018,1272,1204,1265,1232,931,891,934,873,502,474,521,499,677,644,502,480,443,424,751,704,407,384,1017,982,599,576,361,353,595,577,1805,1722,191,186,112,108,10,10,25,25,53,34,0,0,2,2,1,1,5,4,2,2,9,9,0,0,4,4,15057,14919,80,78,"}
{"isAddData" : "True", "date" : "2021/07/15", "ä≥é“ÇÃî≠ê∂èÛãµ" : "1308,474,1,833,", "ìsì‡î≠ê∂êî" : "185427,2084,57,1734,2137,1511,2266,175695,", "èdè«é“ÇÃëÆê´" : "1,2,1,8,11,15,17,2,45,12,0,", "ì¸â@ÅEó√ó{ìôí≤êÆíÜÇÃózê´ä≥é“Ç…Ç¬Ç¢Çƒ" : "19,27,46,0,59,4,0,"}
{"isAddData" : "True", "date" : "2021/07/18", "ä≥é“ÇÃî≠ê∂èÛãµ" : "1008,400,2,607,", "ìsì‡î≠ê∂êî" : "189116,2304,58,1727,3005,1957,2269,177854,", "èdè«é“ÇÃëÆê´" : "1,2,8,12,17,16,2,44,14,0,", "ì¸â@ÅEó√ó{ìôí≤êÆíÜÇÃózê´ä≥é“Ç…Ç¬Ç¢Çƒ" : "21,48,178,0,454,8,1,"}
{"isAddData" : "True", "date" : "2021/07/20", "ä≥é“ÇÃî≠ê∂èÛãµ" : "1387,513,1,874,", "ìsì‡î≠ê∂êî" : "191230,2388,60,1769,3657,1671,2272,179473,", "èdè«é“ÇÃëÆê´" : "2,10,16,17,14,1,48,12,0,", "ì¸â@ÅEó√ó{ìôí≤êÆíÜÇÃózê´ä≥é“Ç…Ç¬Ç¢Çƒ" : "30,47,151,2,159,11,1,"}
{"isAddData" : "True", "date" : "2021/07/21", "ä≥é“ÇÃî≠ê∂èÛãµ" : "1832,648,1,1183,", "ìsì‡î≠ê∂êî" : "193062,2466,64,1798,4068,2064,2276,180390,", "èdè«é“ÇÃëÆê´" : "1,3,11,15,18,15,1,51,13,0,", "ì¸â@ÅEó√ó{ìôí≤êÆíÜÇÃózê´ä≥é“Ç…Ç¬Ç¢Çƒ" : "33,35,99,0,111,6,0,"}
{"isAddData" : "False", "date" : "2021/07/23", "ä≥é“ÇÃî≠ê∂èÛãµ" : "1359,768,591,0,37,22,1386.0,946.3,146.5,", "çsê≠åüç∏êî" : "6468.0,10729,6245,2430,", "ìsÇÃì∆é©åüç∏åèêî" : "881,697,23,45877,16720,3202,3993,69792,9970,", "10çŒñ¢ñû" : "72,111,492,276,204,141,37,11,13,2,0,0,", "ìsì‡î≠ê∂êî" : "196400,68,", "ãÊésí¨ë∫ï ä≥é“êî" : "1029,938,3187,2950,6310,5914,10431,10035,2970,2689,3575,3339,3982,3696,6878,6223,5793,5345,5422,5010,9561,8824,14269,13106,5550,5168,6409,5994,7914,7259,5207,4834,4483,4150,3143,2936,7363,6871,8619,7980,8968,8312,6254,5939,8429,7797,4537,4336,1571,1471,1546,1413,1849,1711,878,848,2148,2055,905,845,2276,2123,3169,2926,1127,1040,1337,1238,1315,1247,975,915,986,897,534,490,550,511,713,660,523,486,465,433,781,736,427,390,1069,1007,630,590,372,356,614,590,1912,1762,194,189,117,108,10,10,27,25,53,48,0,0,2,2,1,1,5,4,2,2,9,9,0,0,4,4,15581,15366,81,79,"}
{"isAddData" : "False", "date" : "2021/07/20", "ä≥é“ÇÃî≠ê∂èÛãµ" : "1387,768,619,0,36,9,1180.0,790.6,149.3,", "çsê≠åüç∏êî" : "6700.7,6465,2503,11134,", "ìsÇÃì∆é©åüç∏åèêî" : "667,541,23,29001,5857,3163,5475,43496,6214,", "10çŒñ¢ñû" : "75,78,448,300,234,179,45,20,6,2,0,0,", "ìsì‡î≠ê∂êî" : "191230,60,", "ãÊésí¨ë∫ï ä≥é“êî" : "996,926,3086,2924,6143,5843,10144,9902,2885,2662,3471,3298,3906,3635,6646,6115,5613,5271,5237,4947,9296,8706,13890,12974,5393,5133,6260,5902,7699,7170,5077,4759,4345,4092,3068,2899,7180,6744,8363,7855,8706,8203,6127,5886,8133,7688,4438,4288,1540,1452,1505,1397,1797,1677,870,837,2115,2037,883,843,2217,2087,3068,2886,1099,1028,1301,1219,1276,1240,948,899,958,880,511,487,533,507,699,648,516,481,457,427,769,722,417,385,1033,994,609,580,363,354,606,582,1855,1741,192,187,116,108,10,10,25,25,53,48,0,0,2,2,1,1,5,4,2,2,9,9,0,0,4,4,15297,15121,80,79,"}
{"isAddData" : "True", "date" : "2021/07/23", "ä≥é“ÇÃî≠ê∂èÛãµ" : "1359,520,5,834,", "ìsì‡î≠ê∂êî" : "196400,2558,68,1758,5172,2469,2277,182166,", "èdè«é“ÇÃëÆê´" : "2,4,13,16,18,14,1,55,13,0,", "ì¸â@ÅEó√ó{ìôí≤êÆíÜÇÃózê´ä≥é“Ç…Ç¬Ç¢Çƒ" : "34,47,300,0,444,4,1,"}
{"isAddData" : "True", "date" : "2021/07/24", "ä≥é“ÇÃî≠ê∂èÛãµ" : "1128,436,2,690,", "ìsì‡î≠ê∂êî" : "197528,2638,74,1752,5460,2031,2277,183370,", "èdè«é“ÇÃëÆê´" : "2,5,14,19,18,15,1,58,16,0,", "ì¸â@ÅEó√ó{ìôí≤êÆíÜÇÃózê´ä≥é“Ç…Ç¬Ç¢Çƒ" : "61,77,328,0,505,136,3,"}
{"isAddData" : "False", "date" : "2021/07/22", "ä≥é“ÇÃî≠ê∂èÛãµ" : "1979,1128,851,0,66,13,1373.4,882.1,155.7,", "çsê≠åüç∏êî" : "8206.0,2677,12510,9431,", "ìsÇÃì∆é©åüç∏åèêî" : "881,697,23,45877,16720,3202,3993,69792,9970,", "10çŒñ¢ñû" : "95,159,658,399,314,246,56,38,11,2,1,0,", "ìsì‡î≠ê∂êî" : "195041,65,", "ãÊésí¨ë∫ï ä≥é“êî" : "1013,936,3150,2939,6238,5900,10325,10023,2942,2677,3544,3328,3956,3681,6792,6198,5737,5305,5360,5000,9457,8793,14118,13069,5489,5155,6355,5965,7816,7237,5163,4808,4427,4134,3111,2933,7293,6819,8531,7963,8867,8291,6208,5921,8306,7776,4499,4317,1555,1468,1536,1411,1825,1703,876,839,2136,2054,896,845,2262,2118,3131,2923,1116,1038,1323,1230,1302,1245,965,913,975,893,520,490,539,510,707,659,516,486,461,430,777,729,422,390,1055,1004,624,590,368,355,613,587,1890,1752,193,189,117,108,10,10,26,25,53,48,0,0,2,2,1,1,5,4,2,2,9,9,0,0,4,4,15473,15274,80,79,"}
{"isAddData" : "False", "date" : "2021/07/19", "ä≥é“ÇÃî≠ê∂èÛãµ" : "727,402,325,0,27,9,1100.4,756.7,145.4,", "çsê≠åüç∏êî" : "5962.7,10025,5671,2192,", "ìsÇÃì∆é©åüç∏åèêî" : "667,541,23,29001,5857,3163,5475,43496,6214,", "10çŒñ¢ñû" : "45,48,204,173,127,82,29,11,7,1,0,0,", "ìsì‡î≠ê∂êî" : "189843,60,", "ãÊésí¨ë∫ï ä≥é“êî" : "993,922,3066,2899,6116,5838,10116,9791,2873,2653,3464,3277,3886,3625,6615,6061,5598,5244,5213,4928,9246,8666,13846,12923,5377,5112,6236,5881,7668,7138,5043,4746,4329,4075,3060,2888,7151,6721,8293,7832,8683,8182,6109,5869,8114,7663,4421,4278,1537,1446,1493,1396,1791,1676,868,837,2114,2035,882,843,2206,2085,3061,2868,1096,1027,1295,1211,1273,1238,943,897,951,879,509,486,530,504,697,648,516,481,454,426,764,718,416,385,1029,989,608,578,363,354,603,581,1846,1736,192,187,116,108,10,10,25,25,53,41,0,0,2,2,1,1,5,4,2,2,9,9,0,0,4,4,15256,15083,80,79,"}
{"isAddData" : "False", "date" : "2021/07/24", "ä≥é“ÇÃî≠ê∂èÛãµ" : "1128,645,483,0,32,21,1345.7,1012.0,133.0,", "çsê≠åüç∏êî" : "4796.0,8632,3016,2740,", "ìsÇÃì∆é©åüç∏åèêî" : "881,697,23,45877,16720,3202,3993,69792,9970,", "10çŒñ¢ñû" : "60,96,380,251,167,115,34,16,7,2,0,0,", "ìsì‡î≠ê∂êî" : "197528,74,", "ãÊésí¨ë∫ï ä≥é“êî" : "1034,942,3217,2974,6340,5930,10493,10044,2991,2697,3601,3346,4003,3723,6909,6293,5834,5386,5466,5027,9620,8876,14403,13169,5579,5182,6471,6016,7956,7286,5241,4843,4515,4164,3151,2961,7431,6893,8712,8029,9058,8348,6278,5961,8484,7855,4568,4337,1586,1476,1558,1421,1865,1713,882,848,2166,2057,910,850,2294,2126,3183,2937,1132,1041,1348,1238,1322,1247,980,918,989,903,537,492,554,512,723,663,527,489,467,435,786,738,434,390,1079,1007,639,592,378,357,616,591,1918,1768,194,189,117,108,10,10,27,25,53,48,0,0,2,2,1,1,5,4,2,2,9,9,0,0,4,4,15667,15443,81,79,"}
{"isAddData" : "True", "date" : "2021/07/22", "ä≥é“ÇÃî≠ê∂èÛãµ" : "1979,729,4,1246,", "ìsì‡î≠ê∂êî" : "195041,2544,65,1772,4512,2809,2276,181128,", "èdè«é“ÇÃëÆê´" : "1,3,11,16,18,15,1,52,13,0,", "ì¸â@ÅEó√ó{ìôí≤êÆíÜÇÃózê´ä≥é“Ç…Ç¬Ç¢Çƒ" : "8,21,10,0,190,2,1,"}
{"isAddData" : "False", "date" : "2021/07/21", "ä≥é“ÇÃî≠ê∂èÛãµ" : "1832,1047,785,0,67,6,1277.6,823.3,155.2,", "çsê≠åüç∏êî" : "8206.0,2677,12510,9431,", "ìsÇÃì∆é©åüç∏åèêî" : "667,541,23,29001,5857,3163,5475,43496,6214,", "10çŒñ¢ñû" : "76,130,577,410,294,233,64,25,13,9,1,0,", "ìsì‡î≠ê∂êî" : "193062,64,", "ãÊésí¨ë∫ï ä≥é“êî" : "1002,929,3116,2933,6190,5884,10242,9949,2908,2670,3495,3317,3922,3659,6720,6161,5673,5288,5286,4977,9376,8764,13982,13023,5434,5145,6291,5937,7743,7203,5115,4777,4375,4111,3084,2905,7233,6790,8429,7914,8781,8243,6153,5907,8205,7740,4457,4302,1548,1460,1510,1403,1807,1689,871,838,2124,2049,889,844,2235,2108,3098,2897,1106,1035,1307,1222,1293,1244,954,902,965,888,514,490,536,508,701,653,516,484,459,428,772,724,421,389,1042,997,613,582,366,355,608,586,1876,1744,192,189,116,108,10,10,25,25,53,48,0,0,2,2,1,1,5,4,2,2,9,9,0,0,4,4,15388,15198,80,79,"}
{"isAddData" : "False", "date" : "2021/07/22", "ä≥é“ÇÃî≠ê∂èÛãµ" : "1979,1128,851,0,66,13,1373.4,882.1,155.7,", "çsê≠åüç∏êî" : "8206.0,2677,12510,9431,", "ìsÇÃì∆é©åüç∏åèêî" : "881,697,23,45877,16720,3202,3993,69792,9970,", "10çŒñ¢ñû" : "658,159,95,11,399,314,246,38,56,2,1,0,", "ìsì‡î≠ê∂êî" : "195041,65,", "ãÊésí¨ë∫ï ä≥é“êî" : "1013,936,3150,2939,6238,5900,10325,10023,2942,2677,3544,3328,3956,3681,6792,6198,5737,5305,5360,5000,9457,8793,14118,13069,5489,5155,6355,5965,7816,7237,5163,4808,4427,4134,3111,2933,7293,6819,8531,7963,8867,8291,6208,5921,8306,7776,4499,4317,1555,1468,1536,1411,1825,1703,876,839,2136,2054,896,845,2262,2118,3131,2923,1116,1038,1323,1230,1302,1245,965,913,975,893,520,490,539,510,707,659,516,486,461,430,777,729,422,390,1055,1004,624,590,368,355,613,587,1890,1752,193,189,117,108,10,10,26,25,53,48,0,0,2,2,1,1,5,4,2,2,9,9,0,0,4,4,15473,15274,80,79,"}
{"isAddData" : "True", "date" : "2021/07/22", "ä≥é“ÇÃî≠ê∂èÛãµ" : "1979,729,4,1246,", "ìsì‡î≠ê∂êî" : "195041,2544,65,1772,4512,2809,2276,181128,", "èdè«é“ÇÃëÆê´" : "1,3,11,16,18,15,1,52,13,0,", "ì¸â@ÅEó√ó{ìôí≤êÆíÜÇÃózê´ä≥é“Ç…Ç¬Ç¢Çƒ" : "8,21,10,0,190,2,1,"}
{"isAddData" : "False", "date" : "2021/07/23", "ä≥é“ÇÃî≠ê∂èÛãµ" : "1359,768,591,0,37,22,1386.0,946.3,146.5,", "çsê≠åüç∏êî" : "6468.0,10729,6245,2430,", "ìsÇÃì∆é©åüç∏åèêî" : "881,697,23,45877,16720,3202,3993,69792,9970,", "10çŒñ¢ñû" : "72,111,492,276,204,141,37,11,13,2,0,0,", "ìsì‡î≠ê∂êî" : "196400,68,", "ãÊésí¨ë∫ï ä≥é“êî" : "1029,938,3187,2950,6310,5914,10431,10035,2970,2689,3575,3339,3982,3696,6878,6223,5793,5345,5422,5010,9561,8824,14269,13106,5550,5168,6409,5994,7914,7259,5207,4834,4483,4150,3143,2936,7363,6871,8619,7980,8968,8312,6254,5939,8429,7797,4537,4336,1571,1471,1546,1413,1849,1711,878,848,2148,2055,905,845,2276,2123,3169,2926,1127,1040,1337,1238,1315,1247,975,915,986,897,534,490,550,511,713,660,523,486,465,433,781,736,427,390,1069,1007,630,590,372,356,614,590,1912,1762,194,189,117,108,10,10,27,25,53,48,0,0,2,2,1,1,5,4,2,2,9,9,0,0,4,4,15581,15366,81,79,"}
{"isAddData" : "False", "date" : "2021/07/17", "ä≥é“ÇÃî≠ê∂èÛãµ" : "1410,790,620,0,40,7,1012.0,720.1,140.5,", "çsê≠åüç∏êî" : "8394.0,9807,9106,6269,", "ìsÇÃì∆é©åüç∏åèêî" : "667,541,23,29001,5857,3163,5475,43496,6214,", "10çŒñ¢ñû" : "110,61,469,311,232,149,51,17,8,1,1,0,", "ìsì‡î≠ê∂êî" : "188108,59,", "ãÊésí¨ë∫ï ä≥é“êî" : "984,916,3021,2878,6054,5809,10018,9763,2831,2633,3416,3246,3826,3592,6477,6007,5520,5203,5133,4895,9138,8599,13614,12820,5306,5088,6157,5821,7571,7069,4957,4723,4280,4052,3020,2875,7035,6656,8217,7797,8566,8122,6036,5841,7997,7580,4388,4249,1520,1440,1473,1386,1766,1658,865,831,2090,2021,875,833,2179,2072,3014,2861,1076,1019,1283,1207,1268,1235,936,894,940,875,503,484,524,501,685,645,506,480,449,426,758,707,408,385,1022,983,601,577,363,353,599,577,1815,1726,191,187,112,108,10,10,25,25,53,41,0,0,2,2,1,1,5,4,2,2,9,9,0,0,4,4,15124,14984,80,79,"}
{"isAddData" : "True", "date" : "2021/07/16", "ä≥é“ÇÃî≠ê∂èÛãµ" : "1271,482,0,789,", "ìsì‡î≠ê∂êî" : "186698,2224,53,1708,2598,1548,2267,176353,", "èdè«é“ÇÃëÆê´" : "1,1,7,10,15,17,2,41,12,0,", "ì¸â@ÅEó√ó{ìôí≤êÆíÜÇÃózê´ä≥é“Ç…Ç¬Ç¢Çƒ" : "19,25,45,0,114,0,0,"}
{"isAddData" : "True", "date" : "2021/07/17", "ä≥é“ÇÃî≠ê∂èÛãµ" : "1410,553,3,855,", "ìsì‡î≠ê∂êî" : "188108,2281,59,1702,2661,2120,2269,177075,", "èdè«é“ÇÃëÆê´" : "1,2,8,13,17,16,2,46,13,0,", "ì¸â@ÅEó√ó{ìôí≤êÆíÜÇÃózê´ä≥é“Ç…Ç¬Ç¢Çƒ" : "16,36,9,2,214,0,0,"}
{"isAddData" : "True", "date" : "2021/07/23", "ä≥é“ÇÃî≠ê∂èÛãµ" : "1359,520,5,834,", "ìsì‡î≠ê∂êî" : "196400,2558,68,1758,5172,2469,2277,182166,", "èdè«é“ÇÃëÆê´" : "2,4,13,16,18,14,1,55,13,0,", "ì¸â@ÅEó√ó{ìôí≤êÆíÜÇÃózê´ä≥é“Ç…Ç¬Ç¢Çƒ" : "34,47,300,0,444,4,1,"}
{"isAddData" : "True", "date" : "2021/07/21", "ä≥é“ÇÃî≠ê∂èÛãµ" : "1832,648,1,1183,", "ìsì‡î≠ê∂êî" : "193062,2466,64,1798,4068,2064,2276,180390,", "èdè«é“ÇÃëÆê´" : "1,3,11,15,18,15,1,51,13,0,", "ì¸â@ÅEó√ó{ìôí≤êÆíÜÇÃózê´ä≥é“Ç…Ç¬Ç¢Çƒ" : "33,35,99,0,111,6,0,"}
{"isAddData" : "False", "date" : "2021/07/21", "ä≥é“ÇÃî≠ê∂èÛãµ" : "1832,1047,785,0,67,6,1277.6,823.3,155.2,", "çsê≠åüç∏êî" : "8206.0,2677,12510,9431,", "ìsÇÃì∆é©åüç∏åèêî" : "667,541,23,29001,5857,3163,5475,43496,6214,", "10çŒñ¢ñû" : "76,130,577,410,294,233,64,25,13,9,1,0,", "ìsì‡î≠ê∂êî" : "193062,64,", "ãÊésí¨ë∫ï ä≥é“êî" : "1002,929,3116,2933,6190,5884,10242,9949,2908,2670,3495,3317,3922,3659,6720,6161,5673,5288,5286,4977,9376,8764,13982,13023,5434,5145,6291,5937,7743,7203,5115,4777,4375,4111,3084,2905,7233,6790,8429,7914,8781,8243,6153,5907,8205,7740,4457,4302,1548,1460,1510,1403,1807,1689,871,838,2124,2049,889,844,2235,2108,3098,2897,1106,1035,1307,1222,1293,1244,954,902,965,888,514,490,536,508,701,653,516,484,459,428,772,724,421,389,1042,997,613,582,366,355,608,586,1876,1744,192,189,116,108,10,10,25,25,53,48,0,0,2,2,1,1,5,4,2,2,9,9,0,0,4,4,15388,15198,80,79,"}
{"isAddData" : "True", "date" : "2021/07/19", "ä≥é“ÇÃî≠ê∂èÛãµ" : "727,289,2,436,", "ìsì‡î≠ê∂êî" : "189843,2346,60,1785,3622,1128,2270,178692,", "èdè«é“ÇÃëÆê´" : "4,10,13,14,17,2,47,13,0,", "ì¸â@ÅEó√ó{ìôí≤êÆíÜÇÃózê´ä≥é“Ç…Ç¬Ç¢Çƒ" : "54,67,485,0,248,95,0,"}
