20220816,2102,2119,4304,4249,4465,3151,1361,835,603,292,13,17,0,0,1,1,2,2,10,11,9,0,0,0,23,13,0
20220815,2092,2280,4087,4298,4454,3220,1299,686,473,222,13,11,1,0,1,2,2,2,11,11,8,0,0,0,22,16,0
20220814,2133,2155,3841,3947,4188,3094,1486,955,669,259,12,1,3,0,1,2,2,2,11,13,8,0,0,0,26,16,0
20220813,2139,2135,4352,4581,4021,3221,1379,967,704,259,10,5,3,0,1,2,2,1,11,14,9,0,0,0,27,16,0
20220812,1847,1832,3848,3921,3536,2652,1185,777,571,223,7,2,3,0,2,2,2,0,10,15,8,0,0,0,26,16,0
20220811,2967,2783,5616,5663,5462,4228,2059,1250,878,317,16,8,2,0,2,2,2,1,8,15,8,0,0,0,26,14,0
20220810,3358,2986,5681,6317,5971,4813,2205,1506,987,386,24,9,2,0,2,1,3,0,7,16,9,0,0,0,23,17,0
20220809,2859,2722,5280,5086,5051,4095,1790,1127,788,296,14,7,4,0,2,1,3,1,6,15,8,0,0,0,21,19,0
20220808,1815,1725,3639,2958,3068,2393,1037,640,408,173,8,20,3,0,1,1,4,1,6,14,8,1,0,0,20,19,0
20220807,2561,2534,4644,4418,4645,3482,1794,1215,718,286,12,4,3,0,2,0,3,2,6,11,9,0,0,0,19,17,0
20220806,2885,2851,5916,5370,5388,4038,1972,1302,875,349,20,4,3,0,2,0,3,2,7,11,9,0,0,0,20,17,0
20220805,3380,3450,7924,6684,6501,4855,2259,1387,909,390,19,9,3,0,2,0,4,3,7,12,7,0,0,0,19,19,0
20220804,3350,3338,6613,6271,6328,4681,2102,1413,892,321,13,17,3,1,2,0,5,3,7,13,5,0,0,0,21,18,0
20220719,1285,1667,2092,1763,1687,1263,555,357,239,103,2,5,0,1,2,1,1,2,4,5,2,1,0,0,13,6,0
20220718,1643,2006,2377,1955,1949,1351,640,416,252,98,8,1,0,1,1,1,1,2,3,5,0,1,0,0,10,5,0
20220717,1950,2559,3456,2849,2679,2125,1006,666,372,121,7,0,0,1,1,1,1,2,2,4,0,1,0,0,9,4,0
20220716,1962,2520,3975,3157,3029,2164,986,630,360,130,6,0,0,2,1,1,1,2,2,4,0,1,0,0,10,4,0
20220715,1773,2393,4273,3181,3001,2364,982,636,362,89,5,0,0,2,1,1,1,3,2,5,0,1,0,0,11,5,0
20220714,1596,1995,3802,2953,2721,1913,867,492,254,67,2,0,0,2,1,1,1,3,2,3,1,1,0,0,11,4,0
20220713,1925,2198,3589,2879,2670,1908,874,483,256,94,2,0,0,2,1,0,1,3,2,3,0,1,0,0,9,4,0
20220712,1309,1479,2310,1954,1828,1337,614,383,220,72,5,0,0,1,1,0,1,1,3,4,0,1,0,0,7,5,0
20220711,724,816,1277,1088,969,716,318,144,117,61,1,0,0,1,1,0,0,1,1,3,1,1,0,0,4,5,0
20220710,1088,1254,1956,1631,1443,1048,519,325,164,52,2,0,2,0,1,0,0,1,2,3,0,1,0,0,6,4,0
20220709,1062,1124,2129,1740,1535,1108,492,315,156,54,1,0,2,0,1,0,0,1,2,3,0,1,0,0,6,4,0
20220708,837,1007,2091,1594,1422,940,421,257,159,46,2,1,2,0,1,0,0,0,2,2,0,0,0,0,4,3,0
20220707,858,925,2056,1573,1348,997,402,227,103,39,1,0,1,0,1,0,0,0,2,2,0,0,0,0,3,3,0
20220706,892,957,1912,1540,1380,892,368,251,112,34,3,0,1,0,1,0,0,1,2,2,1,0,0,0,5,3,0
20220705,534,615,1162,963,874,629,254,171,73,25,2,0,1,0,1,0,0,0,2,3,0,0,0,0,4,3,0
20220704,284,358,549,504,482,322,143,80,36,14,0,0,1,0,1,0,0,0,1,3,0,0,0,0,3,3,0
20220703,431,505,801,642,571,455,208,107,53,14,1,0,0,0,0,0,0,0,0,1,3,0,0,0,1,4,0
20220702,370,445,798,651,572,398,173,121,59,25,4,0,0,0,0,0,0,0,0,1,3,0,0,0,1,4,0
20220701,355,433,832,629,586,397,140,112,42,20,0,0,0,0,0,0,0,0,0,1,2,0,0,0,1,4,0
20220630,344,383,880,722,589,394,177,88,35,8,0,1,0,0,0,0,0,0,0,2,1,0,0,0,3,0,0
20220629,413,402,840,744,599,455,188,99,45,16,2,0,0,0,0,0,0,1,0,3,1,0,0,0,5,0,0
20220628,297,259,502,449,415,335,133,73,43,8,0,0,0,0,0,0,0,1,0,3,1,0,0,0,5,0,0
20220627,181,157,314,260,249,196,74,45,31,10,0,0,0,0,0,0,0,1,0,2,1,0,0,0,4,0,0
20220626,250,231,379,351,308,260,109,61,42,12,1,0,0,0,0,0,0,1,0,2,0,0,0,0,3,0,0
20220625,258,260,504,364,344,222,96,70,29,13,0,0,0,0,0,0,0,1,0,2,0,0,0,0,3,0,0
20220624,236,232,480,425,380,225,101,52,35,15,0,0,0,0,0,0,0,0,0,2,0,0,0,0,2,0,0
20220623,284,246,516,451,389,274,121,63,46,20,3,0,0,0,0,0,0,0,0,1,0,0,0,0,1,0,0
20220622,320,259,480,438,353,244,99,66,51,17,2,0,0,0,0,0,0,0,0,0,0,0,0,0,0,0,0
20220621,308,229,319,354,312,219,103,51,44,22,1,1,0,0,0,0,0,0,0,0,0,0,0,0,0,0,0
20220620,142,170,187,191,184,102,52,25,15,7,1,0,0,0,0,0,0,0,0,0,0,0,0,0,0,0,0
20220619,274,217,272,277,263,171,55,57,20,15,1,0,0,0,0,0,0,0,0,0,0,0,0,0,0,0,0
20220618,232,213,338,303,300,161,62,37,25,9,1,0,0,0,0,0,0,0,0,0,0,0,0,0,0,0,0
20220617,225,179,305,318,263,148,79,43,29,6,1,0,0,0,0,0,0,0,0,0,0,0,0,0,0,0,0
20220616,248,221,350,374,278,188,56,57,37,10,0,0,0,0,0,0,0,0,0,0,0,0,0,0,0,0,0
20220615,310,243,353,360,349,205,82,71,32,9,0,1,0,0,0,0,0,0,0,1,0,0,0,0,0,1,0
20220614,257,234,264,255,241,142,70,43,18,4,0,0,0,0,0,0,0,0,0,0,0,0,0,0,0,0,0
20220613,184,113,153,158,174,91,40,27,12,6,1,1,1,0,0,1,0,0,1,0,0,1,0,0,4,0,0
20220612,278,215,273,270,235,145,74,29,17,10,0,0,1,0,0,1,0,0,1,0,0,1,0,0,4,0,0
20220611,218,222,284,287,239,142,59,40,24,9,2,0,1,0,0,1,0,0,1,0,0,1,0,0,4,0,0
20220610,208,209,346,309,251,137,65,39,25,11,0,0,1,0,0,1,0,0,1,0,0,1,0,0,4,0,0
20220609,285,226,344,380,307,160,85,52,26,10,1,0,0,0,0,0,0,0,1,0,0,1,0,0,2,0,0
20220608,316,238,347,335,334,172,89,58,29,15,1,1,0,0,0,0,0,0,1,1,0,1,0,0,2,1,0
20220607,269,207,337,328,312,175,74,49,30,17,0,2,0,0,0,0,0,0,1,0,0,1,0,0,2,0,0
20220606,152,116,183,178,167,103,50,40,14,10,0,0,0,0,0,0,0,0,1,0,0,1,0,0,2,0,0
20220605,268,182,292,282,263,122,71,62,29,13,0,0,0,0,0,0,0,0,1,1,0,0,0,0,2,0,0
20220604,312,203,398,396,365,195,103,49,32,18,0,0,0,0,0,0,0,0,1,1,0,0,0,0,2,0,0
20220603,285,212,456,382,344,190,95,72,52,23,0,0,0,0,0,0,0,0,1,1,0,0,0,0,2,0,0
20220602,348,246,489,465,367,209,95,66,35,15,0,0,0,0,0,0,0,0,1,0,0,0,0,0,1,0,0
20220601,391,272,478,434,387,214,115,60,41,22,1,0,0,0,0,0,0,1,2,0,0,0,0,0,3,0,0
20220531,413,288,431,441,368,192,104,70,35,19,1,0,0,0,0,0,0,1,2,0,0,0,0,0,3,0,0
20220530,189,150,248,264,207,143,54,49,25,12,2,1,0,0,0,0,1,1,2,0,0,0,0,0,4,0,0
20220529,389,268,354,421,359,191,88,68,41,13,0,2,0,0,0,0,1,1,1,0,0,0,0,0,3,0,0
20220528,396,315,488,476,397,219,113,75,48,19,2,1,0,0,0,0,1,1,1,0,0,0,0,0,3,0,0
20220527,361,333,516,486,431,236,100,84,63,18,2,0,0,0,0,0,1,0,1,0,0,0,0,0,2,0,0
20220526,518,405,737,595,510,299,154,96,61,15,1,0,0,0,0,0,1,0,1,0,1,0,0,0,2,1,0
20220525,659,546,722,729,602,336,149,94,70,20,2,0,0,0,0,0,1,0,2,0,1,0,0,0,2,2,0
20220524,557,431,563,613,510,274,130,88,63,36,5,1,0,0,0,0,1,0,2,0,1,0,0,0,2,2,0
20220523,345,288,367,359,300,189,66,47,41,20,0,3,0,0,0,0,1,0,2,0,1,0,0,0,2,2,0
20220522,622,467,609,567,517,257,119,70,57,26,6,0,0,0,0,0,1,1,1,0,0,0,0,0,2,1,0
20220521,619,429,672,663,491,266,119,80,84,40,1,0,0,0,0,0,1,1,1,0,0,0,0,0,2,1,0
20220520,565,440,769,688,537,310,96,82,59,23,4,0,0,0,0,0,1,1,1,0,0,0,0,0,2,1,0
20220519,629,537,860,815,624,361,159,106,60,20,0,1,0,0,0,0,0,1,1,0,0,0,0,0,1,1,0
20220518,725,569,926,779,633,359,154,93,70,45,1,1,0,0,0,0,0,0,1,0,0,0,0,0,1,0,0
20220517,604,471,775,643,538,316,138,83,60,35,0,0,0,0,0,0,0,0,2,0,0,0,0,0,2,0,0
20220516,365,335,503,380,346,236,93,59,43,17,0,0,0,0,0,0,0,1,2,0,0,0,0,0,2,1,0
20220515,519,504,755,567,444,244,135,93,63,22,0,2,0,0,0,1,0,1,2,0,0,0,0,0,4,0,0
20220514,510,512,956,636,516,335,149,100,54,28,0,3,0,0,0,1,0,1,2,0,0,0,0,0,4,0,0
20220513,459,487,1138,767,557,344,144,98,82,27,3,3,0,0,0,1,0,1,2,0,0,0,0,0,4,0,0
20220512,459,529,1219,752,528,385,160,97,59,25,2,1,0,0,0,1,0,1,3,1,0,0,0,0,6,0,0
20220511,482,566,1366,870,676,396,198,123,69,18,0,0,0,0,0,1,0,2,4,1,0,0,0,0,7,1,0
20220510,441,519,1195,869,638,406,191,99,60,31,2,0,0,0,0,1,0,3,4,1,0,0,0,0,7,2,0
20220509,345,372,794,585,416,256,109,69,44,21,0,0,0,0,0,1,0,2,3,1,0,0,0,0,6,1,0
20220508,528,667,1156,800,745,432,178,95,86,23,1,0,0,0,0,1,0,2,3,2,0,0,0,0,7,1,0
20220507,472,485,827,738,578,374,135,108,58,33,1,0,0,0,0,1,0,2,3,2,0,0,0,0,7,1,0
20220506,259,327,633,504,485,234,110,61,47,20,1,0,0,0,0,1,0,1,3,3,0,0,0,0,7,1,0
20220505,267,316,526,443,360,201,105,53,31,12,1,5,1,0,0,1,0,1,3,3,1,0,0,0,8,2,0
20220504,406,380,590,620,461,261,98,86,69,23,0,5,1,0,0,1,0,1,3,3,1,0,0,0,8,2,0
20220503,513,471,609,633,532,300,109,88,72,30,0,0,2,0,0,1,0,1,3,3,1,0,0,0,9,2,0
20220502,358,313,471,459,370,232,94,65,28,11,2,0,2,0,0,1,0,1,2,3,1,0,0,0,8,2,0
20220501,512,414,566,616,519,272,122,77,48,14,0,1,2,0,0,0,0,1,4,2,0,0,0,0,8,1,0
20220430,418,399,582,557,534,257,109,63,48,11,1,0,2,0,0,0,1,1,4,3,0,0,0,0,9,2,0
20220429,564,555,690,756,646,379,145,90,53,15,0,0,2,0,0,0,0,2,4,3,1,0,0,0,9,3,0
20220428,912,725,965,992,936,444,197,112,76,35,0,0,2,0,0,0,0,2,4,4,1,0,0,0,10,3,0
20220427,1075,830,1054,1123,970,521,213,134,97,35,0,0,3,2,0,0,0,1,5,3,1,0,0,0,12,3,0
20220426,942,745,801,899,834,448,185,106,66,20,2,0,2,1,0,0,0,2,5,4,1,0,0,0,14,1,0
20220425,582,464,546,565,454,265,131,77,40,16,1,0,3,1,0,0,0,2,5,4,1,0,0,0,14,2,0
20220424,906,757,828,863,822,386,163,112,70,28,1,0,2,1,0,0,0,2,4,3,2,0,0,0,11,3,0
20220423,887,769,982,965,855,486,208,119,82,29,5,0,2,1,0,0,0,2,4,3,2,0,0,0,11,3,0
20220422,879,759,996,996,847,460,206,135,82,33,2,1,2,2,0,0,0,1,4,4,1,0,0,0,11,3,0
20220421,1203,922,1224,1247,1067,527,205,179,98,39,1,1,1,2,0,0,2,1,4,4,1,0,0,0,12,3,0
20220420,1316,954,1150,1227,1031,562,242,167,89,36,1,1,1,2,0,0,2,1,4,4,1,0,0,0,12,3,0
20220419,1041,754,947,1041,853,471,219,130,89,36,2,0,2,2,0,0,2,1,4,3,1,0,0,0,11,4,0
20220418,543,472,694,641,561,316,116,60,51,18,1,6,2,2,0,0,1,1,5,3,1,0,0,0,11,4,0
20220417,867,732,937,981,846,437,199,127,68,24,2,0,2,2,0,0,1,2,5,4,1,0,0,0,12,5,0
20220416,1098,804,1397,1286,1095,557,235,174,99,50,1,1,2,2,0,0,1,2,5,4,1,0,0,0,12,5,0
20220415,1015,826,1364,1334,1113,603,232,143,94,41,2,1,3,2,0,0,1,2,5,5,2,0,0,0,15,5,0
20220414,1370,1107,1689,1645,1324,721,296,201,130,50,7,0,3,1,0,0,2,2,6,5,2,0,0,0,17,4,0
20220413,1423,1045,1576,1554,1262,712,297,220,119,42,3,0,3,2,0,1,2,2,5,6,2,0,0,0,17,6,0
20220412,1212,882,1313,1275,1111,588,235,173,97,31,3,2,3,2,0,1,2,2,6,9,2,0,0,0,22,5,0
20220411,776,615,885,828,735,401,148,104,47,20,3,0,2,2,0,1,1,2,8,10,2,0,0,0,23,5,0
20220410,1352,1024,1576,1480,1267,723,285,178,89,46,5,1,2,2,1,1,1,2,7,10,3,0,0,0,22,7,0
20220409,1320,1030,1691,1482,1255,704,289,185,93,47,4,2,2,2,1,1,1,2,7,10,3,0,0,0,22,7,0
20220408,1165,990,1785,1576,1256,725,274,166,117,57,0,1,2,2,1,1,1,2,6,12,3,0,0,0,21,9,0
20220407,1196,1023,1970,1648,1520,776,268,204,103,41,3,1,2,1,1,1,1,3,6,12,2,0,0,0,21,8,0
20220406,1367,967,1851,1624,1410,769,319,192,109,42,2,0,2,1,1,1,1,3,5,11,4,0,0,0,20,9,0
20220405,1083,864,1525,1298,1126,667,193,105,81,25,1,0,1,1,2,1,1,4,5,11,4,0,0,0,19,11,0
20220404,685,596,916,762,703,430,150,77,42,20,2,1,1,1,2,0,1,3,5,12,4,0,0,0,19,10,0
20220403,1263,1116,1689,1370,1282,672,246,152,80,25,2,2,0,1,2,0,2,2,7,12,5,0,0,0,20,11,0
20220402,1123,1002,1587,1413,1156,602,247,141,93,29,2,0,0,1,2,0,1,4,6,13,5,0,0,0,22,10,0
20220401,1151,1029,1806,1410,1345,705,258,139,103,34,2,0,0,0,2,0,1,4,6,12,5,0,0,0,21,9,0
20220331,1330,1164,1756,1395,1376,658,238,164,108,35,2,0,1,0,2,0,1,5,7,11,5,0,0,0,24,8,0
20220330,1790,1393,1831,1577,1540,781,286,153,112,54,3,0,2,0,2,0,1,5,7,8,7,0,0,0,23,9,0
20220329,1524,1262,1454,1287,1169,610,225,167,100,46,2,0,2,0,2,0,1,5,7,9,7,0,0,0,24,9,0
20220328,899,809,814,671,714,333,129,93,48,31,3,0,2,0,2,1,2,5,5,13,7,0,0,0,27,10,0
20220327,1511,1288,1446,1227,1323,592,219,129,71,33,5,0,2,0,1,2,2,5,5,15,4,0,0,0,26,10,0
20220326,1229,1121,1487,1249,1235,621,213,149,103,27,5,1,2,0,1,2,2,4,5,15,4,0,0,0,25,10,0
20220325,1308,1079,1271,1333,1260,575,206,127,106,23,1,0,2,0,1,3,2,4,6,15,5,0,0,0,27,11,0
20220324,1686,1313,1476,1546,1560,789,247,141,79,33,2,3,3,0,1,3,4,4,6,15,5,0,0,0,28,13,0
20220323,1286,1053,1018,1048,1090,544,171,117,76,26,1,0,3,0,1,2,3,4,7,19,5,0,0,0,32,12,0
20220322,703,575,574,567,539,287,120,79,56,29,4,0,3,0,1,2,3,4,7,19,6,0,0,0,35,10,0
20220321,786,621,618,605,665,320,97,76,57,9,1,0,2,0,1,2,2,7,8,18,6,0,0,0,36,10,0
20220320,1284,996,1044,1147,1054,532,201,129,80,34,1,0,2,0,1,2,2,7,8,18,6,0,0,0,36,10,0
20220319,1396,1044,1242,1321,1250,656,242,155,91,43,3,1,2,0,1,2,2,7,8,17,6,0,0,0,35,10,0
20220318,1458,1072,1349,1434,1357,628,234,143,98,45,6,1,2,0,1,2,2,6,11,16,7,1,0,0,36,12,0
20220317,1602,1226,1395,1585,1424,666,268,155,99,33,5,3,1,0,1,2,1,10,12,17,7,2,0,0,40,13,0
20220316,2218,1522,1511,1746,1640,846,364,202,120,50,2,0,0,0,1,2,2,10,12,17,7,3,0,0,43,11,0
20220315,1770,1165,1096,1323,1268,649,250,153,121,40,1,0,0,0,1,3,2,10,15,17,10,3,0,0,47,14,0
20220314,1036,739,692,772,850,375,174,104,60,32,2,0,0,0,1,3,2,10,13,22,10,3,0,0,49,15,0
20220313,1720,1151,1211,1331,1324,719,320,177,125,46,5,2,1,0,1,3,2,9,14,20,11,2,0,0,47,16,0
20220312,1742,1303,1448,1572,1578,823,343,187,111,54,1,2,1,0,1,3,2,9,14,21,9,2,0,0,47,15,0
20220311,1554,1125,1309,1507,1508,761,285,196,152,64,3,0,1,0,1,2,2,9,13,22,7,1,0,0,43,15,0
20220310,1929,1403,1534,1710,1755,895,379,230,176,66,1,2,3,0,1,3,2,7,14,23,10,1,0,0,48,16,0
20220309,2292,1519,1552,1766,1880,954,382,228,179,69,2,0,1,0,1,2,2,6,14,25,10,2,1,0,44,20,0
20220308,1791,1247,1250,1416,1521,817,354,229,193,103,3,1,1,0,1,2,2,5,13,26,14,2,1,0,44,23,0
20220307,1091,716,819,842,848,533,243,147,92,40,2,1,0,0,1,2,3,6,15,24,16,1,1,0,47,22,0
20220306,1744,1253,1407,1540,1571,875,416,246,173,60,4,0,1,0,1,1,3,4,17,27,16,1,0,0,49,22,0
20220305,1901,1318,1698,1830,1843,1102,460,325,217,107,4,1,1,0,1,1,3,4,17,27,15,1,0,0,50,20,0
20220304,1816,1299,1773,1820,1795,944,429,302,234,97,6,2,1,0,1,1,3,6,17,26,14,1,0,0,49,21,0
20220303,2155,1511,1944,2071,2079,1210,539,345,280,112,1,4,0,0,1,0,1,7,16,31,13,1,0,0,49,21,0
20220302,2409,1600,1862,2142,2086,1219,575,363,283,141,11,2,0,0,1,0,2,7,16,28,13,1,0,0,50,18,0
20220301,2062,1405,1696,2043,2095,1125,570,377,299,135,4,2,0,0,1,0,2,7,14,29,14,1,0,0,50,18,0
20220228,1845,1306,1399,1586,1532,885,406,308,267,88,5,5,0,0,1,0,2,7,13,29,16,1,0,0,51,18,0
20220227,1845,1308,1478,1728,1816,1012,462,326,235,101,9,1,0,0,1,0,3,8,17,28,16,2,0,0,56,19,0
20220226,2112,1393,1694,2022,1979,1082,505,354,283,133,4,1,0,0,1,0,3,6,16,28,17,2,0,0,53,20,0
20220225,1939,1319,1555,1936,2000,1007,536,394,292,138,8,1,0,0,1,1,3,8,19,29,16,2,0,0,58,21,0
20220224,1958,1368,1468,1672,1636,927,448,326,258,107,1,0,0,0,1,1,3,7,18,32,18,1,0,0,58,23,0
20220223,2895,1833,1874,2297,2389,1437,667,518,446,200,7,4,0,0,1,1,5,7,18,30,16,1,1,0,58,22,0
20220222,2136,1463,1566,1734,1937,1114,587,410,345,141,6,4,0,0,1,1,4,7,20,30,17,1,1,0,59,23,0
20220221,1673,1153,1334,1337,1408,873,406,285,221,109,1,5,0,0,1,1,4,7,16,33,17,2,1,0,54,28,0
20220220,2389,1679,1884,2012,2114,1236,665,467,341,139,8,1,1,0,1,3,2,6,19,34,18,2,1,0,60,27,0
20220219,2134,1577,2012,2246,2312,1377,730,519,412,180,11,6,1,0,1,3,2,6,19,34,18,2,1,0,60,27,0
20220218,2398,1907,2436,2778,2916,1551,869,556,501,203,7,7,2,0,1,2,2,6,18,31,17,1,0,0,57,23,0
20220217,2754,2076,2736,3169,3117,1759,969,646,439,184,12,3,2,0,1,3,3,7,18,28,18,1,0,0,58,23,0
20220216,2809,2163,2540,2900,3028,1692,868,671,447,201,9,3,1,1,1,3,3,8,17,28,18,1,0,0,61,20,0
20220215,2439,1878,2243,2635,2741,1682,754,552,418,171,9,3,1,0,1,2,3,7,14,28,20,1,0,0,57,20,0
20220214,1613,1152,1608,1726,1730,1115,570,396,291,121,7,5,0,0,1,1,3,5,15,28,20,1,0,0,57,17,0
20220213,2112,1526,2062,2254,2189,1310,687,417,357,153,4,3,0,0,1,1,1,3,16,22,20,1,0,0,50,15,0
20220212,1693,1297,1942,2061,2095,1182,593,445,303,140,11,3,0,0,1,1,1,2,13,22,21,1,0,0,47,15,0
20220211,2742,2063,3091,3318,3215,1961,984,671,423,179,11,2,0,0,1,2,3,1,12,19,21,2,0,0,45,16,0
20220210,2998,2150,3032,3171,3260,1911,1010,709,485,152,7,6,1,0,1,1,3,1,12,21,21,3,0,0,46,18,0
20220209,3157,2105,2899,2997,2995,1759,943,704,533,185,5,5,1,1,1,2,2,1,13,17,18,3,0,0,41,18,0
20220208,2569,1999,2780,2874,2862,1814,933,645,436,182,17,2,1,1,1,1,2,1,10,15,16,3,0,0,36,15,0
20220207,1797,1399,2051,2080,2040,1264,694,454,297,123,5,7,1,1,1,1,2,2,8,13,16,3,0,0,32,16,0
20220206,2530,2053,3055,3194,3016,1619,846,616,441,146,9,1,1,1,1,1,1,2,7,11,16,4,0,0,30,15,0
20220204,2736,2138,3664,3687,3391,2003,946,664,405,157,5,2,1,1,1,1,0,3,9,10,12,3,0,0,26,15,0
20220203,3007,2425,3849,3675,3457,2047,987,678,416,132,3,3,1,1,1,1,1,3,8,8,10,4,0,0,24,14,0
20220202,3300,2458,4039,3741,3496,2108,1070,736,456,153,12,7,1,1,1,1,1,3,6,5,7,4,0,0,19,11,0
20220201,2079,1642,2824,2549,2279,1459,687,484,304,131,0,7,2,1,1,1,1,3,6,6,5,3,0,0,19,10,0
20220129,2151,1916,3893,3249,2755,1694,802,527,302,137,5,2,1,1,0,1,1,3,6,4,2,3,0,0,15,7,0
20220128,2165,1925,3946,3407,2886,1654,775,458,297,111,7,0,1,1,0,1,2,1,6,4,1,3,0,0,15,5,0
20220127,2048,1750,3775,3000,2594,1661,752,504,321,127,5,1,1,1,0,1,2,2,3,4,2,2,0,0,12,6,0
20220126,1829,1600,3225,2442,2213,1334,671,414,250,102,5,1,1,1,0,1,2,2,3,4,2,2,0,0,12,6,0
20220125,1562,1463,3126,2257,1876,1259,538,356,264,104,7,1,1,1,0,0,0,2,2,4,2,2,0,0,10,4,0
20220124,1068,1001,2248,1456,1222,746,350,241,123,47,1,0,1,0,0,0,0,2,2,3,2,2,0,0,8,4,0
20220123,1155,1141,2411,1694,1362,823,397,255,170,58,2,0,1,0,0,0,0,3,2,3,2,2,0,0,8,5,0
20220122,1171,1313,3234,2070,1524,964,471,266,151,58,5,0,1,0,0,0,0,3,2,3,1,2,0,0,8,4,0
20220121,880,1078,2973,1835,1333,847,381,218,117,34,3,0,1,0,0,0,0,3,2,2,1,2,0,0,7,4,0
20220120,781,976,2617,1550,1251,775,340,201,111,34,2,0,1,0,0,0,0,2,2,1,1,2,0,0,5,4,0
20220119,700,939,2120,1305,1043,654,301,171,98,44,2,0,1,0,0,0,0,2,3,1,2,1,0,0,7,3,0
20220118,406,769,1611,829,678,491,212,102,71,16,0,0,1,0,0,0,0,1,2,1,2,0,0,0,5,2,0
20220117,285,533,1232,603,419,359,129,92,48,19,0,0,1,0,0,0,0,1,1,0,2,0,0,0,3,2,0
20220116,294,565,1477,661,504,339,162,107,44,19,0,0,1,0,0,0,0,1,1,0,2,0,0,0,3,2,0
20220115,266,568,1743,759,568,348,142,95,51,19,2,0,1,0,0,0,0,1,1,0,1,0,0,0,2,2,0
20220114,236,483,1474,714,515,354,132,84,41,16,2,0,0,0,0,0,0,1,1,0,1,0,0,0,1,2,0
20220113,187,310,1093,616,413,275,120,66,35,8,1,0,1,0,0,0,0,1,1,0,1,0,0,0,1,3,0
20220112,107,201,745,436,302,228,91,51,28,8,1,0,1,0,0,0,0,1,1,0,1,0,0,0,1,3,0
20220111,55,100,383,163,113,79,30,20,15,4,0,0,0,0,0,0,0,2,1,0,1,0,0,0,2,2,0
20220110,41,112,326,145,111,69,38,17,9,3,0,0,0,0,0,0,0,2,1,0,1,0,0,0,2,2,0
20220109,43,100,504,232,159,102,32,35,13,3,0,0,0,0,0,0,0,2,1,0,1,0,0,0,2,2,0
20220108,49,96,517,261,121,107,27,22,17,7,0,0,0,0,0,0,0,2,1,0,1,0,0,0,2,2,0
20220107,42,70,385,186,111,69,32,16,9,2,0,0,0,0,0,0,0,2,1,0,0,0,0,0,2,1,0
20220106,27,37,254,131,99,42,26,13,7,4,1,0,0,0,0,0,0,2,1,0,0,0,0,0,2,1,0
20220105,14,24,153,70,55,41,19,10,3,1,0,0,0,0,0,0,0,2,1,0,0,0,0,0,2,1,0
20220104,8,10,59,37,16,15,1,2,2,1,0,0,0,0,0,0,0,1,1,0,0,0,0,0,1,1,0
20220103,4,9,30,24,17,9,0,6,3,1,0,0,0,0,0,0,0,1,0,0,0,0,0,0,1,0,0
20220102,3,7,31,15,18,3,6,1,0,0,0,0,0,0,0,0,0,1,0,0,0,0,0,0,1,0,0
20220101,6,2,20,21,14,10,1,1,3,1,0,0,0,0,0,0,0,1,0,0,0,0,0,0,1,0,0
20211231,5,2,18,22,11,10,6,3,1,0,0,0,0,0,0,0,0,1,0,0,0,0,0,0,1,0,0
20211230,6,5,13,15,10,6,3,1,4,1,0,0,0,0,0,0,0,1,0,0,0,0,0,0,1,0,0
20211229,6,6,23,20,11,5,1,2,2,0,0,0,0,0,0,0,0,1,0,0,0,0,0,0,1,0,0
20211228,2,5,16,8,6,6,2,1,0,0,0,0,0,0,0,0,0,2,0,0,0,0,0,0,2,0,0
20211227,1,3,13,2,6,6,0,1,3,0,0,0,0,0,0,0,0,2,0,0,0,0,0,0,2,0,0
20211226,4,4,11,9,5,6,0,1,2,1,0,0,0,0,0,0,0,2,0,0,0,0,0,0,2,0,0
20211225,6,2,7,8,4,4,2,4,1,0,0,0,0,0,0,0,0,2,0,0,0,0,0,0,2,0,0
20211224,1,3,9,11,3,5,1,2,1,3,0,0,0,0,0,0,0,2,0,0,0,0,0,0,2,0,0
20211223,0,1,15,7,7,3,1,2,1,0,0,0,0,0,0,0,0,2,0,0,0,0,0,0,2,0,0
20211222,3,2,7,11,6,3,4,3,1,0,0,0,0,0,0,0,0,2,1,0,0,0,0,0,3,0,0
20211221,3,4,8,10,4,4,2,1,1,1,0,0,0,0,0,0,0,2,1,0,0,0,0,0,3,0,0
20211110,5,3,6,3,3,0,0,4,1,0,0,0,0,0,0,0,1,4,2,2,1,0,0,0,9,1,0
20211109,4,1,8,7,2,2,1,2,3,0,0,0,0,0,0,0,1,4,2,2,1,0,0,0,9,1,0
20211108,4,2,3,1,3,3,2,0,0,0,0,0,0,0,0,0,1,4,2,2,1,0,0,0,9,1,0
20211107,3,2,5,2,6,1,0,0,2,0,0,0,0,0,0,0,1,4,3,2,2,0,0,0,11,1,0
20211106,3,3,10,4,2,2,2,1,2,0,0,0,0,0,0,0,1,4,3,2,2,0,0,0,11,1,0
20211105,4,3,4,5,2,1,5,0,1,0,0,0,0,0,0,0,1,5,2,2,2,0,0,0,11,1,0
20211104,2,0,1,2,2,1,2,0,3,1,0,0,0,0,0,0,1,5,2,2,2,0,0,0,11,1,0
20211103,2,1,2,6,6,2,2,3,1,0,0,0,0,0,0,0,1,6,3,2,2,0,0,0,13,1,0
20211102,2,2,6,2,3,1,1,1,0,0,0,0,0,0,0,0,1,6,3,2,2,0,0,0,13,1,0
20211101,1,0,0,5,1,0,1,1,0,0,0,0,0,0,0,0,1,6,3,2,2,0,0,0,13,1,0
20211031,3,3,3,5,3,4,1,0,0,0,0,0,0,0,0,0,1,6,3,2,2,0,0,0,13,1,0
20211030,2,0,4,5,2,2,0,4,2,2,0,0,0,0,0,0,1,6,3,2,2,0,0,0,13,1,0
20211029,2,2,8,2,1,3,3,2,1,0,0,0,0,0,0,0,1,6,3,2,2,0,0,0,13,1,0
20211028,0,1,6,7,0,1,1,4,0,1,0,0,0,0,0,0,1,7,3,2,2,0,0,0,14,1,0
20211027,0,3,11,9,6,3,2,1,1,0,0,0,0,0,0,0,1,8,3,2,2,0,0,0,15,1,0
20211026,5,1,12,4,2,2,2,0,1,0,0,0,0,0,0,0,1,8,3,2,2,1,0,0,16,1,0
20211025,2,2,5,1,2,2,1,2,0,0,0,0,0,0,0,0,2,9,3,2,3,1,0,0,19,1,0
20211024,1,1,5,4,3,3,0,2,0,0,0,0,0,0,0,0,3,10,3,2,3,1,0,0,19,3,0
20211023,4,1,11,5,5,5,1,0,0,0,0,0,0,0,0,0,3,10,3,2,3,1,0,0,19,3,0
20211022,1,1,9,6,3,1,1,2,2,0,0,0,0,0,0,0,3,10,3,2,2,1,0,0,18,3,0
20211021,4,4,5,6,8,1,2,2,2,2,0,0,0,0,0,0,4,11,3,4,1,1,0,0,19,5,0
20211020,1,2,8,7,7,4,2,1,6,2,1,0,0,0,0,0,4,13,4,4,1,1,0,0,22,5,0
20211019,5,4,7,4,4,6,2,3,1,0,0,0,0,0,0,0,4,14,3,3,1,1,0,0,22,4,0
20211018,5,1,7,6,4,3,1,1,0,1,0,0,0,0,0,0,4,16,6,3,1,1,0,0,26,5,0
20211017,5,2,8,7,5,4,4,1,3,1,0,0,0,0,0,0,4,20,7,2,1,1,0,0,27,8,0
20211016,3,2,13,14,12,4,5,8,3,2,0,0,0,0,0,0,4,20,7,2,1,1,0,0,27,8,0
20211015,7,4,16,8,8,3,5,3,3,0,0,0,0,0,0,0,5,21,9,2,1,1,0,0,29,10,0
20211014,6,7,13,9,13,6,2,3,3,0,0,0,0,0,0,0,5,21,10,2,1,1,0,0,30,10,0
20211013,7,8,14,12,8,10,4,4,2,3,0,0,0,0,0,0,6,23,10,2,1,1,0,0,33,10,0
20211012,9,9,18,13,9,9,5,2,1,2,0,0,0,0,1,1,9,27,10,5,1,1,0,0,40,15,0
20211011,6,4,10,10,7,8,0,2,0,2,0,0,0,0,1,1,9,30,14,5,1,1,0,0,44,18,0
20211010,8,6,11,8,9,7,1,7,2,1,0,0,0,0,2,1,10,30,17,5,1,1,0,0,48,19,0
20211009,8,11,20,16,8,5,5,5,3,1,0,0,0,0,2,1,10,31,17,5,1,1,0,0,49,19,0
20211008,16,14,33,26,21,12,4,7,4,1,0,0,0,0,2,1,10,31,17,5,1,1,0,0,49,19,0
20211007,11,9,31,32,15,17,11,8,7,2,0,0,0,0,2,1,9,33,17,6,1,1,0,0,51,19,0
20211006,16,14,41,29,19,16,3,3,7,1,0,0,0,0,2,1,9,36,19,8,1,1,0,0,57,20,0
20211005,22,6,33,28,23,19,7,2,4,0,0,0,0,0,2,1,8,33,20,8,1,1,0,0,54,20,0
20211004,5,3,24,13,17,10,11,2,2,0,0,0,0,0,2,1,9,32,22,9,1,1,0,0,56,21,0
20211003,5,16,49,32,19,12,8,6,11,3,0,0,1,0,3,1,9,39,25,9,1,0,0,0,64,24,0
20211002,18,10,53,25,25,26,10,11,7,10,1,0,1,0,3,1,9,38,25,10,1,0,0,0,64,24,0
20211001,17,18,51,35,25,20,16,8,7,3,0,0,1,0,3,1,10,40,27,10,1,0,0,0,69,24,0
20210930,14,18,63,37,29,26,12,9,5,4,1,0,1,0,3,1,11,43,28,11,2,0,0,0,75,25,0
20210929,19,22,60,63,39,29,15,10,7,3,0,0,1,0,3,2,13,45,29,11,3,0,0,0,77,30,0
20210928,13,19,80,38,41,28,6,9,13,1,0,0,1,0,4,3,13,49,32,12,3,0,0,0,85,32,0
20210927,9,16,37,29,31,16,5,5,5,1,0,0,1,0,5,4,14,54,32,11,4,0,0,0,91,34,0
20210926,35,31,74,60,40,28,16,12,2,1,0,0,1,0,5,6,12,55,32,13,5,0,0,0,95,34,0
20210925,33,31,94,68,55,48,22,18,9,4,0,0,1,0,5,7,12,56,32,13,5,0,0,0,97,34,0
20210924,16,26,62,39,36,30,13,7,6,0,0,0,1,0,5,7,12,62,34,14,4,0,0,0,104,35,0
20210923,46,50,132,99,85,63,21,20,15,0,0,0,1,0,4,7,16,62,34,14,5,0,0,0,107,36,0
20210922,38,48,136,104,90,69,26,13,9,4,0,0,1,0,4,7,17,62,34,16,5,0,0,0,108,38,0
20210921,16,21,87,53,33,15,13,7,7,1,0,0,1,0,5,7,16,63,39,17,4,0,0,0,114,38,0
20210920,21,27,88,57,42,25,12,11,15,4,0,0,0,0,6,8,19,69,41,22,4,0,0,0,128,41,0
20210919,57,72,129,100,95,47,23,20,20,2,0,0,0,0,6,7,22,69,41,22,4,0,0,0,131,40,0
20210918,83,81,248,163,117,95,36,28,9,2,0,0,0,0,6,7,23,70,45,22,4,0,0,0,137,40,0
20210916,77,61,213,143,145,103,36,24,24,5,0,0,0,0,6,7,24,74,44,23,4,0,0,0,142,40,0
20210915,78,77,267,213,188,135,46,24,16,8,0,0,0,0,6,8,25,82,45,28,4,0,0,0,152,46,0
20210914,94,80,259,198,168,114,38,26,22,5,0,0,0,0,5,7,29,87,49,28,3,0,0,0,159,49,0
20210913,54,61,165,115,91,71,23,21,7,3,0,0,0,0,5,9,30,96,53,29,3,0,0,0,176,49,0
20210912,111,137,254,187,184,105,36,29,21,3,0,0,0,0,5,11,28,100,52,31,3,0,0,0,182,48,0
20210911,134,126,317,253,189,130,52,40,23,9,0,0,0,0,5,12,29,98,53,33,3,0,0,0,185,48,0
20210910,106,98,330,222,210,142,65,49,16,4,0,0,0,0,5,13,31,101,53,37,3,0,0,0,194,49,0
20210909,147,148,407,348,285,166,80,46,37,11,0,0,0,0,3,14,35,97,61,37,4,0,0,0,197,54,0
20210908,157,196,442,361,323,206,63,57,24,5,0,0,0,0,3,15,38,97,61,34,4,0,0,0,202,50,0
20210907,160,130,440,306,251,190,78,40,29,5,0,0,0,0,4,14,43,102,60,33,4,0,0,0,204,56,0
20210906,93,88,244,191,188,104,35,14,9,1,1,0,0,0,4,12,43,106,60,36,6,0,0,0,206,61,0
20210905,183,215,490,328,289,192,80,37,33,5,1,0,0,0,4,13,37,104,59,41,6,0,0,0,203,61,0
20210904,209,220,639,472,351,271,97,59,33,11,0,0,0,0,4,15,35,106,59,42,6,0,0,0,205,62,0
20210903,240,273,666,474,405,282,104,59,29,7,0,0,0,0,5,19,36,116,56,41,5,0,0,0,214,64,0
20210902,258,331,790,629,488,386,109,70,30,8,0,0,0,0,6,22,38,122,55,43,5,0,0,0,220,71,0
20210901,256,315,835,668,506,349,103,77,44,15,0,0,0,0,5,22,36,119,57,42,5,0,0,0,219,67,0
20210831,214,273,791,588,497,332,114,54,31,15,0,0,0,0,5,20,42,119,56,39,6,0,0,0,220,67,0
20210830,120,202,545,369,318,220,67,38,26,10,0,0,0,0,5,23,48,113,57,36,5,0,0,0,222,65,0
20210829,209,367,817,595,531,340,110,74,26,11,1,0,0,0,5,19,53,119,58,37,5,0,0,0,227,69,0
20210828,263,371,988,701,574,433,128,72,41,10,0,0,0,0,5,19,55,118,59,36,5,0,0,0,225,72,0
20210827,331,427,1208,785,691,482,154,96,43,8,2,0,0,1,5,24,53,111,60,35,5,0,0,0,222,72,0
20210826,328,481,1330,896,811,512,155,108,66,15,2,0,0,1,4,18,49,111,57,31,5,0,0,0,206,70,0
20210825,308,417,1179,890,663,491,115,86,60,19,0,0,0,1,4,23,49,109,58,27,6,0,0,0,208,69,0
20210824,252,434,1282,881,674,424,131,85,44,12,1,0,0,1,4,20,51,102,57,26,7,0,0,0,202,66,0
20210823,136,277,744,508,383,244,91,42,15,5,2,0,0,1,3,20,51,113,53,22,9,0,0,0,204,68,0
20210822,277,484,1341,845,711,444,119,83,63,19,6,0,0,1,3,21,43,119,55,20,9,0,0,0,205,66,0
20210821,339,565,1598,967,750,543,155,86,56,15,0,0,0,1,3,20,44,118,55,20,9,0,0,0,203,67,0
20210820,303,518,1686,1080,891,562,174,102,64,23,2,0,0,1,3,18,49,117,57,21,7,0,0,0,208,65,0
20210819,316,540,1674,1106,911,621,182,115,54,15,0,0,0,1,3,18,51,112,60,22,7,0,0,0,211,63,0
20210818,266,491,1661,1137,892,610,179,80,51,19,0,0,0,1,4,21,50,111,58,23,7,0,0,0,212,63,0
20210817,202,416,1326,917,736,503,156,70,38,13,0,0,0,1,5,21,50,110,59,24,6,0,0,0,214,62,0
20210816,166,283,927,572,459,350,100,44,38,22,1,0,0,1,5,21,55,103,56,21,6,0,0,0,209,59,0
20210815,212,413,1320,877,706,505,152,63,36,10,1,0,0,2,5,23,53,94,48,21,5,0,0,0,196,55,0
20210814,271,468,1568,1079,824,583,164,63,49,24,1,0,0,2,5,24,53,90,46,21,4,0,0,0,192,53,0
20210813,276,526,1810,1189,955,689,188,76,50,14,0,0,0,1,6,21,50,82,39,23,5,0,0,0,174,53,0
20210812,235,473,1490,1031,865,627,146,61,46,14,1,0,0,1,5,19,52,78,39,19,5,0,0,0,173,45,0
20210811,206,397,1262,867,727,485,146,55,43,9,3,0,0,1,5,14,52,67,36,18,4,0,0,0,156,41,0
20210810,106,225,844,560,420,296,82,40,29,10,0,0,0,1,4,14,43,62,32,17,3,0,0,0,138,38,0
20210809,142,262,982,566,436,318,106,36,30,6,0,0,0,1,4,10,36,58,29,16,3,0,0,0,123,34,0
20210808,188,353,1367,797,682,475,121,52,25,5,1,0,0,1,4,10,36,54,27,16,3,0,0,0,119,32,0
20210807,208,418,1467,982,675,543,161,63,39,9,1,0,0,1,3,11,33,56,26,16,4,0,0,0,122,28,0
20210806,188,369,1517,962,730,498,144,59,39,8,1,0,0,1,2,11,30,55,21,17,4,0,0,0,115,26,0
20210805,229,441,1600,1120,811,552,150,73,52,13,1,0,0,1,2,9,25,57,21,16,4,0,0,0,109,26,0
20210804,172,339,1380,885,658,493,136,55,37,10,1,0,0,0,2,6,22,48,19,15,3,0,0,0,95,20,0
20210803,157,321,1208,852,590,404,102,44,22,8,1,0,0,0,2,6,24,45,19,13,3,0,0,0,92,20,0
20210802,92,166,773,520,336,220,52,24,11,1,0,0,0,0,2,8,26,44,19,12,3,0,0,0,96,18,0
20210801,101,274,1146,634,433,323,78,36,25,7,1,0,0,0,2,6,17,36,19,15,1,0,0,5,78,18,5
20210731,153,354,1484,887,583,398,127,44,19,8,1,0,0,0,2,7,17,32,21,16,0,0,0,76,0,19,0
20210730,110,275,1208,725,515,324,83,30,23,7,0,0,0,0,2,6,16,31,18,15,0,0,0,73,0,15,0
20210729,120,323,1417,782,612,407,122,47,31,3,1,0,1,0,2,3,16,27,18,14,0,0,0,65,0,16,0
20210728,138,250,1078,680,485,374,99,37,26,9,1,0,0,0,1,3,17,30,15,14,0,0,0,65,0,15,0
20210727,97,275,951,610,466,301,91,25,23,8,1,0,0,0,0,3,17,26,19,17,0,0,0,67,0,15,0
20210726,46,137,488,310,234,160,36,10,6,2,0,0,0,0,0,4,18,23,17,16,0,0,0,62,0,16,0
20210725,82,166,574,368,305,183,49,20,12,3,1,0,0,0,2,5,13,18,18,15,1,0,0,56,0,16,0
20210724,60,96,380,251,167,115,34,16,7,2,0,0,0,0,2,5,14,19,18,15,1,0,0,58,0,16,0
20210723,72,111,492,276,204,141,37,11,13,2,0,0,0,0,2,4,13,16,18,14,1,0,0,55,0,13,0
20210722,95,159,658,399,314,246,56,38,11,2,1,0,0,0,1,3,11,16,18,15,1,0,0,52,0,13,0
20210721,76,130,577,410,294,233,64,25,13,9,1,0,0,0,1,3,11,15,18,15,1,0,0,51,0,13,0
20210720,75,78,448,300,234,179,45,20,6,2,0,0,0,0,0,2,10,16,17,14,1,0,0,48,0,12,0
20210719,45,48,204,173,127,82,29,11,7,1,0,0,0,0,0,4,10,13,14,17,2,0,0,47,0,13,0
20210718,43,65,326,203,186,123,26,20,14,2,0,0,0,0,1,2,8,12,17,16,2,0,0,44,0,14,0
20210717,61,110,469,311,232,149,51,17,8,1,1,0,0,0,1,2,8,13,17,16,2,0,0,46,0,13,0
20210716,53,109,431,265,201,142,40,17,9,3,1,0,0,0,1,1,7,10,15,17,2,0,0,41,0,12,0
20210715,50,103,450,256,211,153,50,20,10,5,0,0,1,0,2,1,8,11,15,17,2,0,0,45,0,12,0
20210714,72,98,326,214,209,140,57,15,18,0,0,0,1,0,2,1,6,12,13,17,2,0,0,41,0,13,0
20210713,17,53,257,175,144,113,39,21,8,3,0,0,1,0,2,1,6,17,12,17,2,0,0,43,0,15,0
20210712,25,33,172,102,91,50,16,8,3,2,0,0,1,0,3,0,5,16,10,18,2,0,0,41,0,14,0
20210711,24,50,208,119,109,64,21,12,6,1,0,0,0,0,3,0,4,20,11,20,3,0,0,50,0,11,0
20210710,34,67,301,186,172,107,44,20,16,3,0,0,0,0,3,0,5,20,12,20,3,0,0,51,0,12,0
20210709,36,46,270,157,147,112,35,14,4,1,0,0,0,0,3,0,5,20,13,19,2,0,0,50,0,12,0
20210708,34,63,259,193,161,113,40,23,10,0,0,0,0,0,3,0,5,19,13,18,2,0,0,45,0,15,0
20210707,53,70,265,191,181,103,39,12,6,0,0,0,0,0,3,0,5,23,12,17,2,0,0,46,0,16,0
20210706,21,29,169,129,107,96,25,12,4,1,0,0,0,0,5,1,5,21,12,17,2,0,0,47,0,16,0
20210705,7,26,101,61,62,39,25,7,11,3,0,0,0,0,3,1,6,19,11,14,3,0,0,41,0,16,0
20210704,22,38,168,118,95,44,20,9,3,1,0,0,0,0,2,1,6,16,9,14,3,0,0,37,0,14,0
20210703,20,45,246,166,109,71,30,11,15,3,0,0,0,0,2,1,4,16,9,14,4,0,0,38,0,12,0
20210702,30,43,221,113,102,94,30,16,9,2,0,0,0,0,2,1,4,18,9,16,4,0,0,40,0,14,0
20210701,27,48,207,155,95,89,28,14,8,2,0,0,0,0,2,1,3,16,9,16,4,0,0,37,0,14,0
20210630,17,61,201,132,143,94,36,13,13,4,0,0,0,0,2,0,3,15,8,15,4,0,0,34,0,13,0
20210629,11,47,136,83,81,69,28,15,6,0,0,0,0,0,2,0,1,13,8,15,4,0,0,30,0,13,0
20210628,8,27,95,61,47,49,15,10,4,1,0,0,0,0,0,0,1,11,9,16,4,0,0,28,0,13,0
20210627,16,35,108,74,68,43,23,13,5,1,0,0,0,0,0,0,0,11,8,14,4,0,0,26,0,11,0
20210626,42,44,159,98,77,64,27,13,9,1,0,0,0,0,0,0,0,9,8,16,4,0,0,26,0,11,0
20210625,25,63,180,111,81,67,20,11,4,0,0,0,0,0,0,0,0,6,9,19,4,0,0,26,0,12,0
20210624,20,75,156,106,102,72,25,6,6,2,0,0,0,0,0,1,1,6,10,21,4,0,0,30,0,13,0
20210623,15,77,165,129,101,82,27,14,9,0,0,0,0,0,0,1,2,5,10,22,4,0,0,33,0,11,0
20210622,10,44,130,83,70,54,19,11,10,4,0,0,0,0,0,1,3,4,12,21,4,0,0,35,0,10,0
20210621,4,18,79,45,46,30,8,3,2,0,1,0,0,0,0,1,3,4,13,23,3,0,0,36,0,11,0
20210620,22,35,131,53,51,52,14,11,6,1,0,0,0,0,0,1,4,3,12,22,3,0,0,35,0,10,0
20210619,18,27,126,68,56,52,22,8,7,4,0,0,0,0,0,1,3,3,12,21,3,0,0,34,0,9,0
20210618,9,40,145,93,86,41,24,9,3,3,0,0,0,0,0,0,2,2,13,22,3,0,0,33,0,9,0
20210617,16,30,147,92,73,51,19,10,8,6,0,0,0,0,0,0,3,2,13,20,2,0,0,32,0,8,0
20210616,8,43,152,88,95,68,23,14,8,2,0,0,0,0,0,0,3,3,14,22,2,1,0,36,0,9,0
20210615,8,28,96,79,50,39,17,13,6,0,1,0,0,0,0,0,3,3,16,20,2,1,0,35,0,10,0
20210614,3,13,71,37,28,25,18,5,7,2,0,0,0,0,0,0,4,3,16,20,2,1,0,36,0,10,0
20210613,13,25,99,63,43,28,14,10,8,1,0,0,0,0,0,0,4,5,15,20,2,1,0,36,0,11,0
20210612,18,36,160,87,68,50,20,15,10,3,0,0,0,0,0,0,4,5,15,19,2,1,0,35,0,11,0
20210611,8,28,167,79,71,39,24,10,7,2,0,0,0,0,0,0,4,8,15,19,4,1,0,39,0,12,0
20210610,11,27,141,84,77,65,18,11,4,1,0,0,0,0,0,0,5,10,16,21,2,1,0,44,0,11,0
20210609,12,27,135,96,72,54,26,12,4,2,0,0,0,0,0,0,5,10,16,21,4,1,0,44,0,13,0
20210608,19,24,114,72,58,41,21,15,3,2,0,0,0,1,0,0,4,11,16,23,4,1,0,46,0,14,0
20210607,4,14,83,49,38,26,9,7,5,0,0,0,0,1,0,1,5,11,15,22,5,1,0,46,0,15,0
20210606,17,20,82,82,64,43,23,11,8,1,0,0,0,1,0,1,5,10,14,22,6,1,0,45,0,15,0
20210605,15,26,127,96,69,57,21,15,9,1,0,0,0,1,0,1,6,10,13,23,7,1,0,48,0,14,0
20210604,32,27,132,99,73,63,19,19,5,3,0,0,0,1,0,1,5,11,12,23,8,1,0,49,0,13,0
20210603,20,27,135,108,81,76,21,24,10,5,1,0,0,1,0,1,6,9,16,24,8,2,0,51,0,16,0
20210602,18,30,146,87,92,47,32,20,15,0,0,0,0,1,0,1,6,12,18,23,9,3,0,56,0,17,0
20210601,22,37,115,103,88,46,24,22,14,0,0,0,0,1,0,0,6,14,19,21,7,2,0,56,0,14,0
20210531,10,17,72,59,38,33,11,9,6,5,0,0,0,0,0,0,6,13,24,23,7,2,0,61,0,14,0
20210529,22,37,160,115,79,59,36,19,9,2,1,0,0,0,0,0,7,14,24,24,7,2,0,64,0,14,0
20210528,26,31,168,133,104,65,38,23,24,2,0,0,0,0,0,0,5,12,19,25,7,2,0,55,0,15,0
20210527,24,41,180,139,112,88,46,36,13,5,0,0,0,0,0,0,5,12,20,23,7,1,0,1,55,13,1
20210526,26,45,177,156,121,86,49,40,32,11,0,0,0,0,0,0,6,12,20,24,7,1,0,58,0,12,0
20210525,19,26,144,123,90,64,31,26,12,7,0,0,0,0,0,1,5,13,24,21,6,1,0,58,0,13,0
20210524,16,32,92,51,41,49,23,15,13,7,1,0,0,0,0,1,5,13,22,21,6,0,0,55,0,13,0
20210523,24,31,163,90,79,67,29,31,17,3,1,0,0,0,0,1,4,8,21,20,5,2,0,46,0,14,0
20210522,29,26,182,110,101,64,37,26,25,2,0,0,0,0,0,1,4,9,21,21,5,1,0,49,0,13,0
20210521,28,37,216,114,94,78,27,32,17,6,0,0,0,0,0,1,5,9,24,21,4,1,0,53,0,12,0
20210520,27,53,268,152,113,99,60,34,26,11,0,0,0,0,0,1,4,8,25,25,5,1,0,55,0,14,0
20210519,19,50,210,155,113,98,46,43,25,6,1,0,0,0,0,1,3,10,26,28,4,1,0,59,0,14,0
20210518,19,47,209,143,124,90,36,39,14,10,1,0,0,0,1,3,5,10,29,27,5,1,0,66,0,15,0
20210517,7,30,126,85,53,49,31,18,15,4,1,0,0,0,1,3,4,15,28,25,7,2,0,69,0,16,0
20210516,25,42,165,99,69,63,33,26,15,5,0,0,0,0,1,4,3,16,26,24,8,2,0,67,0,17,0
20210515,26,56,234,135,125,97,44,30,23,2,0,0,0,0,1,4,3,18,26,23,8,2,0,69,0,16,0
20210514,30,56,288,144,118,100,55,33,22,8,0,0,0,0,0,4,4,19,25,23,7,2,0,67,0,17,0
20210513,30,66,316,196,152,115,51,40,31,13,0,0,0,0,0,2,4,20,25,22,10,1,0,69,0,15,0
20210512,30,66,273,199,147,117,67,33,24,12,1,0,0,0,2,1,5,19,26,23,9,1,0,69,0,17,0
20210511,32,61,277,148,141,117,64,46,29,10,0,0,0,0,2,1,6,19,25,20,8,0,0,65,0,16,0
20210510,25,40,148,103,102,74,23,34,22,2,0,0,0,0,2,1,5,18,23,20,9,0,0,62,0,16,0
20210509,49,83,304,167,167,122,61,42,26,11,0,0,0,0,2,1,5,16,23,18,8,0,0,0,59,14,0
20210508,40,83,286,216,187,147,71,51,36,4,0,0,0,0,2,1,6,16,23,15,8,0,0,0,58,13,0
20210507,36,54,227,189,161,129,48,31,26,6,0,0,0,0,2,1,7,15,21,15,7,0,0,1,56,12,1
20210506,21,42,151,122,92,70,40,27,17,9,0,0,0,0,2,3,7,17,22,12,9,0,0,58,0,14,0
20210505,19,51,155,142,100,70,40,26,17,1,0,0,0,0,1,3,5,17,22,13,8,0,0,56,0,13,0
20210504,25,32,148,123,103,89,33,32,17,7,0,0,0,0,1,3,5,14,22,12,8,0,0,52,0,13,0
20210503,33,61,182,131,137,73,36,31,15,8,1,0,0,0,1,3,5,13,22,13,8,0,0,53,0,12,0
20210502,46,68,233,162,133,110,54,45,22,6,0,0,0,0,1,3,6,13,21,10,9,0,0,52,0,11,0
20210501,33,72,272,220,173,152,64,38,16,10,0,0,0,0,1,3,6,13,21,10,9,0,0,52,0,11,0
20210430,26,60,218,110,130,83,33,22,11,5,0,0,0,0,1,3,7,12,21,13,8,0,0,53,0,12,0
20210429,36,86,282,197,172,135,59,34,24,2,0,0,0,0,1,3,5,10,19,13,7,0,0,45,0,13,0
20210428,30,64,255,176,160,113,57,41,17,11,1,0,0,0,1,3,4,10,15,13,7,0,0,41,0,12,0
20210427,16,61,220,119,125,119,46,42,51,27,2,0,0,0,1,4,4,11,13,15,6,1,0,40,0,15,0
20210426,12,18,117,90,64,62,30,19,10,2,1,0,0,0,1,4,4,10,13,16,6,1,0,39,0,16,0
20210425,23,48,182,117,83,91,37,29,20,5,0,0,0,0,1,4,4,8,12,16,4,1,0,35,0,15,0
20210424,19,64,248,178,134,100,52,38,32,11,0,0,0,0,1,4,4,7,12,18,3,2,0,35,0,15,0
20210423,24,71,226,145,115,96,41,26,11,4,0,0,0,0,1,4,5,9,11,17,4,1,0,37,0,15,0
20210422,22,65,261,134,132,103,68,45,21,10,0,0,0,0,1,2,5,8,11,16,4,1,0,36,0,12,0
20210421,44,50,221,170,157,94,46,39,17,5,0,0,0,0,1,1,6,6,12,18,3,1,0,37,0,11,0
20210420,16,45,175,148,127,67,44,42,33,14,0,0,0,0,1,1,4,6,14,20,3,1,0,38,0,12,0
20210419,16,34,86,85,58,58,28,15,17,7,1,0,0,0,1,1,4,6,13,17,3,1,0,35,0,11,0
20210418,26,44,145,107,83,46,37,22,25,8,0,0,0,0,1,0,2,6,11,18,6,1,0,34,0,11,0
20210417,20,53,239,156,112,78,41,30,20,10,0,0,0,0,1,0,2,7,12,17,5,1,0,34,0,11,0
20210416,17,45,200,132,119,63,48,27,12,4,0,0,0,0,1,0,2,7,11,16,5,1,0,32,0,11,0
20210415,24,34,203,145,122,96,36,31,27,11,0,0,0,0,1,0,2,6,8,15,4,1,0,29,0,8,0
20210414,16,48,183,103,101,78,21,20,16,5,0,0,0,0,1,0,3,6,7,19,4,1,0,32,0,9,0
20210413,15,37,156,87,100,51,25,25,14,0,0,0,0,0,1,0,2,6,8,19,4,1,0,32,0,9,0
20210412,9,25,88,57,47,40,21,7,8,4,0,0,0,0,1,0,1,6,9,18,5,2,0,32,0,10,0
20210411,22,24,138,78,61,39,20,14,21,3,1,0,0,0,0,0,1,4,8,18,5,2,0,1,28,10,1
20210410,18,36,162,117,96,75,24,24,12,6,0,0,0,0,0,0,1,4,9,16,5,2,0,0,26,11,0
20210409,10,35,173,95,94,76,21,16,12,5,0,0,0,0,0,0,1,5,12,17,6,2,0,0,30,13,0
20210408,4,29,173,103,86,66,35,26,15,8,0,0,0,0,0,0,1,5,10,16,8,1,0,0,28,13,0
20210407,9,23,178,97,84,80,39,27,14,4,0,0,0,0,0,0,1,6,10,16,7,1,0,0,28,13,0
20210406,5,20,116,96,53,60,19,18,9,1,2,0,0,0,0,0,2,6,10,18,7,1,0,0,29,15,0
20210405,8,16,79,51,31,27,17,10,7,3,0,0,0,0,0,0,2,6,12,18,7,1,0,0,30,16,0
20210404,15,20,102,76,50,53,14,16,6,3,0,0,0,0,0,0,3,6,13,17,7,1,0,0,32,15,0
20210403,12,22,131,79,67,53,35,25,14,7,1,0,0,0,0,0,3,6,13,18,7,1,0,0,33,15,0
20210402,15,31,115,63,78,63,27,27,17,3,1,0,0,0,0,0,3,4,12,17,6,1,0,0,28,15,0
20210401,17,24,114,93,55,64,39,32,24,13,0,0,0,0,0,0,3,3,12,18,7,1,0,0,28,16,0
20210331,12,20,115,64,66,49,29,29,25,5,0,0,0,0,0,0,2,4,12,19,7,1,0,0,30,15,0
20210328,0,13,88,41,43,47,23,31,19,7,1,0,0,0,0,0,2,3,10,17,7,2,0,0,29,12,0
20210327,17,28,107,74,56,54,32,35,17,10,0,0,0,0,0,0,3,3,10,19,7,2,0,0,31,13,0
20210326,14,14,88,51,68,43,29,38,22,9,0,0,0,0,0,0,3,3,10,20,7,2,0,0,31,14,0
20210325,5,16,90,53,57,55,41,39,27,11,0,0,0,0,0,0,4,3,9,17,7,1,0,0,29,12,0
20210324,18,22,89,62,55,48,42,35,35,10,4,0,0,0,0,0,4,4,9,15,8,2,0,0,33,9,0
20210323,9,30,86,46,41,43,19,29,24,10,0,0,0,0,0,0,4,4,9,16,7,2,0,0,33,9,0
20210322,9,9,39,29,35,21,13,13,17,2,0,0,0,0,0,0,4,5,10,19,8,1,0,0,34,13,0
20210321,15,7,52,30,31,41,26,21,25,8,0,0,0,0,0,0,2,5,12,20,7,1,0,0,33,14,0
20210320,18,20,87,52,42,50,22,22,23,6,0,0,0,0,0,0,2,5,13,19,7,1,0,0,34,13,0
20210319,10,20,67,49,38,38,36,23,18,4,0,0,0,0,0,0,2,5,12,19,7,1,0,0,33,13,0
20210318,12,20,65,48,36,42,40,35,20,4,1,0,0,0,0,0,2,4,10,20,7,1,0,0,31,13,0
20210317,22,24,88,69,58,55,21,41,25,6,0,0,0,0,0,0,1,3,10,18,8,1,0,0,27,14,0
20210316,6,11,55,67,41,45,32,23,13,7,0,0,0,0,0,0,1,3,10,18,9,1,0,0,27,15,0
20210315,8,14,32,22,28,20,11,16,13,10,0,1,0,0,0,0,2,3,11,18,7,0,0,1,27,14,1
20210314,12,18,46,37,36,26,15,24,19,6,0,0,0,0,0,0,2,3,10,17,8,0,0,1,27,13,1
20210313,16,10,75,46,53,45,25,27,30,3,0,0,0,0,0,0,2,3,10,16,8,0,0,1,27,12,1
20210312,6,17,62,48,59,36,24,29,18,4,1,0,0,0,0,0,1,3,9,15,9,0,0,0,27,10,0
20210311,15,14,76,63,47,40,22,23,28,6,1,0,0,0,0,0,1,3,9,17,9,0,0,0,29,10,0
20210310,13,24,73,53,56,39,24,37,17,4,0,0,0,0,0,0,1,4,9,16,9,0,0,0,29,10,0
20210309,10,17,44,36,48,45,33,27,30,0,0,0,0,0,0,0,2,4,8,16,9,0,0,0,29,10,0
20210308,15,5,20,14,11,18,14,11,8,0,0,0,0,0,0,0,3,5,11,17,10,0,0,0,35,11,0
20210307,9,9,44,34,40,40,22,18,17,4,0,0,0,0,0,0,3,4,12,23,9,0,0,1,39,12,1
20210306,10,12,68,43,44,29,28,29,22,8,0,0,0,0,0,0,3,4,12,23,9,0,0,0,39,12,0
20210305,9,12,63,49,35,44,28,30,24,6,1,0,0,0,0,0,3,4,11,23,8,0,0,0,37,12,0
20210304,10,18,71,40,36,34,22,19,19,10,0,0,0,0,0,0,3,5,12,23,8,0,0,0,40,11,0
20210303,7,9,65,50,40,33,33,35,28,15,1,0,0,0,0,0,2,5,12,26,7,0,0,0,41,11,0
20210302,5,13,49,50,25,31,19,15,20,5,0,0,0,0,0,0,2,7,12,26,7,0,0,0,42,12,0
20210301,1,16,22,15,24,16,8,10,9,0,0,0,0,0,0,0,2,8,12,30,9,0,0,0,49,12,0
20210228,9,17,43,50,36,30,27,40,45,30,2,0,0,0,0,0,1,8,13,34,10,0,0,1,52,14,1
20210227,14,16,77,63,54,44,24,26,14,5,0,0,0,0,0,0,1,8,13,34,11,1,0,0,53,15,0
20210226,7,15,65,46,36,30,19,21,23,8,0,0,0,0,0,0,1,8,14,34,12,1,0,0,55,15,0
20210225,13,15,62,50,65,48,25,30,22,10,0,0,0,0,0,1,1,7,15,33,13,1,0,0,57,14,0
20210224,11,8,28,25,38,32,19,16,22,14,0,0,0,0,0,1,2,7,15,31,12,1,0,0,56,13,0
20210223,7,16,61,50,27,35,21,28,19,11,0,0,0,0,0,1,2,9,18,32,13,1,0,1,62,14,1
20210222,4,8,35,34,28,24,10,12,17,4,2,0,0,0,0,1,2,9,18,32,13,1,0,0,61,15,0
20210221,9,8,53,54,47,37,15,21,17,11,0,0,0,0,0,1,2,11,18,34,15,1,0,0,68,14,0
20210220,13,18,69,50,49,39,32,18,25,12,2,0,0,0,0,1,2,11,17,35,15,1,0,0,68,14,0
20210219,6,21,84,69,40,49,30,27,22,5,0,0,0,0,0,1,3,11,16,38,13,2,0,0,70,14,0
20210218,9,29,108,80,67,49,24,27,41,11,0,0,0,0,0,1,3,9,15,40,14,2,0,0,71,13,0
20210217,9,21,66,74,51,52,32,30,35,8,0,0,0,0,0,1,3,9,17,43,12,2,0,0,73,14,0
20210216,12,15,65,53,41,59,23,34,36,11,1,0,0,0,0,1,2,9,19,45,14,2,0,0,78,14,0
20210215,15,27,51,35,38,37,20,15,21,6,1,0,0,0,0,1,2,9,23,48,12,2,0,0,79,18,0
20210214,9,17,71,50,46,42,24,44,46,21,1,0,0,0,0,1,2,10,28,45,14,3,0,0,84,19,0
20210213,15,21,63,62,44,55,31,29,37,12,0,0,0,0,0,1,2,10,29,45,14,3,0,0,84,20,0
20210212,14,15,44,48,49,36,35,25,24,17,0,0,0,0,0,1,2,8,29,44,14,3,0,1,81,20,1
20210211,16,34,79,78,64,57,28,37,27,14,0,0,0,0,0,0,2,9,30,43,14,3,0,2,82,19,2
20210210,12,26,80,71,75,60,45,50,52,20,0,0,0,0,0,0,1,10,29,43,16,4,0,0,85,18,0
20210209,10,24,76,67,62,58,36,36,25,17,1,0,0,0,0,0,2,11,27,41,19,4,0,0,85,19,0
20210208,6,10,54,41,20,36,24,31,29,23,2,0,0,0,0,0,2,9,28,40,20,3,0,2,80,22,2
20210207,17,16,79,75,55,52,34,44,39,18,0,0,0,0,0,0,3,12,33,37,20,3,0,3,84,24,3
20210206,24,26,128,97,86,71,54,53,67,30,3,0,0,0,0,0,3,14,32,42,20,3,0,0,88,26,0
20210205,30,33,107,83,83,77,45,54,41,23,1,0,0,0,0,0,3,13,32,44,22,3,0,0,90,27,0
20210204,22,45,138,120,104,97,62,55,64,27,0,0,0,0,0,0,2,13,33,44,20,3,0,0,89,26,0
20210203,28,34,129,105,96,81,53,68,56,25,1,0,0,0,0,0,3,15,36,46,22,3,0,0,97,28,0
20210202,13,25,114,93,89,67,47,36,51,20,1,0,0,0,0,0,4,15,36,50,21,3,0,0,101,28,0
20210201,9,17,62,64,63,54,32,30,47,15,0,0,0,0,0,0,4,15,38,53,21,2,0,0,101,32,0
20210131,25,27,122,76,93,89,38,77,62,22,2,0,0,0,0,0,4,16,41,52,23,3,0,1,104,35,1
20210129,20,41,172,140,112,119,82,79,71,31,1,0,0,0,0,0,3,15,43,57,26,3,0,0,109,38,0
20210128,62,56,178,173,154,137,86,86,92,38,2,0,0,0,0,0,3,16,46,55,27,3,0,0,109,41,0
20210127,23,42,193,160,144,146,87,78,77,19,4,0,0,0,0,0,6,17,48,58,27,3,0,0,116,43,0
20210126,27,45,189,164,145,142,96,95,86,35,2,0,0,0,0,0,4,14,52,50,26,2,0,0,109,39,0
20210125,23,36,117,114,83,93,49,50,30,23,0,0,0,0,0,0,4,14,50,48,28,2,0,2,109,37,2
20210124,23,41,191,143,125,148,101,90,88,33,3,0,0,0,0,0,5,15,51,50,27,2,0,6,115,35,6
20210123,29,71,206,136,180,154,88,86,80,36,4,0,0,0,0,0,5,16,49,51,28,2,0,5,116,35,5
20210122,34,63,223,172,173,159,114,98,103,32,4,0,0,0,0,0,5,18,52,52,28,2,0,1,117,40,1
20210121,53,73,300,241,196,222,173,92,83,36,2,0,0,0,0,0,5,17,53,55,27,2,0,0,121,38,0
20210120,40,73,272,213,211,163,118,77,67,39,1,0,0,0,0,0,5,19,53,59,23,1,0,0,127,33,0
20210119,28,60,282,211,192,186,104,92,69,16,0,0,0,0,0,0,5,17,51,59,21,1,0,1,119,35,1
20210118,32,68,303,206,199,130,96,71,58,41,0,0,0,0,1,0,6,14,46,51,22,1,0,2,108,33,2
20210117,47,86,362,315,258,213,122,117,56,16,0,0,0,0,1,0,6,12,45,50,20,1,0,3,102,33,3
20210116,65,97,379,302,294,268,152,123,95,33,1,0,0,0,1,0,6,11,44,55,18,1,0,0,102,34,0
20210115,65,108,458,355,303,297,152,132,99,30,2,0,0,0,1,0,7,11,42,51,20,1,0,0,100,33,0
20210114,48,100,379,293,214,207,113,82,51,15,0,0,0,0,1,0,9,10,39,55,20,1,0,0,104,31,0
20210113,25,95,394,275,202,198,101,70,61,12,0,0,0,0,1,0,12,11,40,56,20,1,0,0,108,33,0
20210112,23,54,249,184,128,138,76,70,37,11,0,0,0,0,1,0,11,17,37,55,20,1,0,2,112,30,2
20210111,37,72,356,204,183,177,75,58,39,18,0,0,0,0,0,0,9,14,30,49,18,1,0,10,96,25,10
20210110,39,104,403,261,236,201,105,69,50,25,1,0,0,0,0,0,9,14,32,48,18,1,0,6,97,25,6
20210109,56,132,654,437,337,302,151,117,64,17,1,0,0,0,0,0,9,14,35,49,18,1,0,3,102,24,3
20210108,46,141,711,536,340,298,143,115,42,19,1,0,0,0,0,0,10,13,37,49,19,1,0,0,104,25,0
20210107,53,128,666,552,408,303,143,98,76,18,2,0,0,0,0,0,8,12,33,46,21,1,0,0,96,25,0
20210106,42,66,439,326,278,196,111,82,38,13,0,0,0,0,0,0,6,12,32,41,20,2,0,0,87,26,0
20210105,25,70,356,256,205,163,72,73,48,10,0,0,0,0,0,0,6,14,27,41,21,1,0,1,84,26,1
20210104,14,44,241,181,147,124,60,38,23,10,2,0,0,0,0,1,6,12,26,40,21,0,0,2,83,23,2
20210103,22,37,214,182,116,123,52,39,26,5,0,0,0,0,0,1,5,12,24,38,19,0,0,2,77,22,2
20210102,20,35,213,137,138,118,59,42,34,18,0,0,0,0,0,1,5,11,23,35,19,0,0,0,73,21,0
20210101,14,30,234,143,132,104,59,31,25,11,0,0,0,0,0,1,4,11,20,34,18,0,0,0,68,20,0
20201231,29,82,385,248,195,178,88,62,51,18,1,0,0,0,0,1,4,12,23,32,17,0,0,0,70,19,0
20201230,11,73,249,178,150,136,60,40,34,12,0,1,0,0,0,1,4,8,23,32,17,0,0,0,66,19,0
20201229,20,34,220,169,125,129,64,48,41,6,0,0,0,0,0,1,4,8,24,32,14,0,0,1,65,18,1
20201228,11,22,132,107,85,56,29,24,11,4,0,0,0,0,0,1,4,7,22,32,15,0,0,0,62,19,0
20201227,14,48,183,132,99,93,50,45,30,12,1,1,0,0,0,1,4,8,23,30,16,0,0,0,65,17,0
20201226,14,44,277,202,133,134,61,45,28,10,1,0,0,0,0,1,4,8,22,29,17,0,0,0,63,18,0
20201225,23,47,246,175,154,109,52,36,36,6,0,0,0,0,0,1,4,8,23,26,18,1,0,0,65,16,0
20201224,30,47,240,184,143,121,49,38,30,6,0,0,0,0,0,0,5,7,21,22,16,2,0,0,60,13,0
20201223,14,24,193,141,130,120,54,34,33,5,0,0,0,0,0,1,5,6,17,21,17,2,0,0,56,13,0
20201222,20,26,133,120,96,77,43,25,16,7,0,0,0,0,0,1,5,7,15,21,13,2,0,0,53,11,0
20201221,3,10,101,97,58,57,22,17,17,10,0,0,0,0,0,1,4,6,15,21,13,3,0,0,52,11,0
20201220,13,37,150,111,92,61,40,27,19,6,0,0,0,0,0,0,4,7,16,22,14,1,0,2,52,12,2
20201219,18,43,207,136,111,97,54,33,27,10,0,0,0,0,0,0,4,7,14,22,14,1,0,0,50,12,0
20201218,16,30,185,139,101,76,48,39,19,10,1,0,0,0,0,0,4,6,16,23,15,2,0,0,52,14,0
20201217,23,47,201,169,123,113,62,43,26,14,0,0,0,0,0,0,4,7,16,24,14,1,0,0,52,14,0
20201216,17,35,184,123,107,94,49,38,23,8,0,0,0,0,0,1,4,7,18,25,13,1,0,0,54,15,0
20201215,6,27,124,91,71,55,29,26,21,7,0,0,0,0,0,1,4,7,22,27,16,1,0,0,60,18,0
20201214,6,26,85,55,55,36,19,10,11,2,0,0,0,0,0,1,3,6,22,25,15,1,0,0,57,16,0
20201213,12,34,121,88,73,63,35,25,26,3,0,0,0,0,0,1,3,5,20,23,17,1,0,0,54,16,0
20201212,12,37,181,118,89,80,37,34,21,11,0,0,0,0,0,1,3,4,19,22,17,1,0,1,51,16,1
20201211,18,26,159,105,91,70,43,41,28,14,0,0,0,0,0,1,3,6,19,21,17,0,0,0,51,16,0
20201210,4,28,135,137,111,86,37,28,28,6,0,0,0,0,0,1,3,4,15,20,16,0,0,0,44,15,0
20201209,12,37,130,116,80,71,46,37,30,12,1,0,0,0,0,1,3,4,17,20,14,0,0,0,44,15,0
20201208,9,21,78,71,59,52,27,16,12,6,0,0,0,0,0,1,2,6,15,21,15,0,0,0,44,16,0
20201207,10,13,74,57,43,41,20,11,22,8,0,0,0,0,0,1,2,6,13,19,14,0,0,0,42,13,0
20201206,4,13,86,64,69,36,21,19,8,7,0,0,0,0,0,1,2,4,12,21,14,0,0,0,41,13,0
20201205,11,34,137,110,95,82,44,36,25,8,1,0,0,0,0,0,2,4,13,21,15,0,0,0,42,13,0
20201204,16,20,107,91,80,50,37,22,16,10,0,0,0,0,0,0,2,4,12,22,13,0,0,0,40,13,0
20201203,15,31,114,93,89,81,32,36,32,9,0,0,0,0,0,0,2,3,12,23,14,0,0,0,41,13,0
20201202,20,30,125,81,75,62,37,36,27,6,1,0,0,0,0,0,2,4,12,26,15,0,0,0,45,14,0
20201201,5,25,93,80,58,37,23,18,24,7,0,0,0,0,0,0,2,6,12,28,14,0,0,0,49,13,0
20201130,7,17,68,51,69,32,27,14,23,3,0,0,0,0,0,0,2,12,13,29,14,0,0,0,57,13,0
20201129,10,22,110,70,80,51,32,25,12,6,0,0,0,0,0,0,1,11,13,29,12,0,0,1,56,10,1
20201128,12,31,132,102,90,83,50,37,20,4,0,0,0,0,0,0,1,10,15,29,12,0,0,0,56,11,0
20201127,14,33,147,120,76,67,46,39,22,4,1,0,0,0,0,0,2,10,15,23,11,0,0,0,52,9,0
20201126,12,33,111,79,82,69,32,35,20,8,0,0,0,0,0,0,2,9,13,24,12,0,0,0,49,11,0
20201125,6,22,101,73,60,65,38,23,9,3,0,0,0,0,0,0,2,9,10,22,11,0,0,0,44,10,0
20201124,10,8,53,29,22,21,13,15,11,4,0,0,0,0,0,0,2,8,10,21,10,0,0,0,43,8,0
20201123,5,31,65,58,41,63,24,17,9,1,0,0,0,0,0,0,2,4,9,18,8,0,0,0,35,6,0
20201122,9,19,129,72,44,52,37,14,8,6,0,0,0,0,0,0,2,4,9,17,8,0,0,0,34,6,0
20201121,11,26,139,110,105,67,36,32,11,1,0,0,0,0,0,0,2,5,8,17,8,0,0,0,34,6,0
20201120,8,20,122,89,84,92,54,33,19,1,0,0,0,0,0,0,1,5,9,13,9,0,0,0,32,5,0
20201119,3,27,130,109,96,80,31,42,10,3,0,0,0,0,0,0,1,6,8,14,9,0,0,0,33,5,0
20201118,6,20,123,92,85,63,38,30,25,3,0,0,0,0,0,0,1,6,9,13,10,0,0,0,34,5,0
20201117,4,10,81,50,50,48,30,18,4,3,0,0,0,0,0,0,2,7,10,13,10,0,0,0,36,6,0
20201116,6,8,39,34,30,28,15,12,8,0,0,0,0,0,0,0,2,7,10,11,10,0,0,0,33,7,0
20201115,4,15,68,47,42,43,18,12,5,1,0,0,0,0,0,0,2,6,8,11,11,0,0,0,33,5,0
20201114,4,22,103,76,43,44,21,20,12,7,0,0,0,0,0,0,2,6,9,12,12,0,0,0,34,7,0
20201113,9,26,100,66,53,60,24,26,10,0,0,0,0,0,0,0,2,6,8,12,11,0,0,0,33,6,0
20201112,14,22,93,89,70,48,25,19,9,3,0,0,0,0,0,0,2,5,8,14,10,0,0,0,32,7,0
20201111,4,19,61,68,58,43,34,17,12,0,0,0,0,0,0,0,2,5,10,11,10,0,0,0,31,7,0
20201110,2,5,70,60,53,45,26,20,5,7,0,0,0,0,0,0,2,4,8,11,8,0,0,0,27,6,0
20201109,5,8,32,24,27,28,12,10,7,3,0,0,0,0,0,0,4,5,9,10,7,0,0,0,29,6,0
20201108,8,17,39,34,37,21,13,15,5,0,0,0,0,0,0,0,5,6,9,7,9,0,0,0,29,7,0
20201107,3,24,81,55,48,33,19,19,10,2,0,0,0,0,0,0,6,6,8,7,9,0,0,0,30,6,0
20201106,0,12,59,52,44,28,15,19,11,2,0,0,0,0,0,0,5,6,8,11,7,0,0,0,31,6,0
20201105,3,15,77,55,50,28,16,14,10,1,0,0,0,0,0,0,5,7,7,13,6,0,0,0,30,8,0
20201104,4,6,31,22,17,15,8,11,5,3,0,0,0,0,0,0,3,7,7,13,5,0,0,0,26,9,0
20201103,3,12,55,42,34,36,12,9,5,1,0,0,0,0,0,0,1,6,7,11,5,2,0,0,22,9,1
20201102,1,4,25,19,14,7,7,6,4,0,0,0,0,0,0,0,1,6,8,12,5,0,0,0,23,9,0
20201101,3,8,37,20,16,15,6,8,3,0,0,0,0,0,0,0,1,8,8,11,6,0,0,0,23,11,0
20201031,4,10,42,51,36,29,19,13,11,0,0,0,0,0,0,0,1,8,8,11,5,0,0,0,23,10,0
20201029,2,4,57,48,41,29,20,9,8,2,0,0,0,0,0,0,1,8,6,9,5,0,0,0,20,9,0
20201028,0,12,41,31,28,23,12,16,6,2,0,0,0,0,0,0,1,7,7,10,5,0,0,0,21,9,0
20201027,2,7,41,24,17,31,11,16,7,2,0,0,0,0,0,0,1,8,7,11,6,0,0,0,23,10,0
20201026,1,4,27,22,20,13,6,5,4,0,0,0,0,0,0,0,1,8,7,9,4,0,0,0,21,8,0
20201025,4,4,30,31,20,12,13,10,0,0,0,0,0,0,0,0,0,8,7,9,4,0,0,0,21,7,0
20201024,1,13,61,40,25,24,17,14,6,0,0,0,0,0,0,0,0,7,7,7,4,0,0,0,19,6,0
20201023,0,8,50,28,36,27,12,12,8,5,0,0,0,0,0,0,0,7,5,6,5,0,0,0,16,7,0
20201022,3,12,42,42,25,27,18,9,5,2,0,0,0,0,0,0,0,7,5,7,5,0,0,0,17,7,0
20201021,2,1,32,32,20,22,15,7,11,3,0,0,0,0,0,0,0,7,5,7,5,0,0,0,17,7,0
20201020,2,6,31,35,21,18,13,8,2,3,0,0,0,0,0,0,0,6,5,8,5,0,0,0,17,7,0
20201019,1,3,20,18,14,11,6,3,2,0,0,0,0,0,0,0,0,6,6,7,5,0,0,0,17,7,0
20201018,3,4,25,28,24,15,18,6,7,2,0,0,0,0,0,0,0,7,5,7,5,0,0,0,19,5,0
20201017,6,13,64,44,36,30,11,18,10,3,0,0,0,0,0,0,0,7,6,6,4,0,0,0,19,4,0
20201016,1,17,45,36,27,25,17,8,7,0,0,0,0,0,0,0,0,8,6,6,5,0,0,0,19,6,0
20201015,4,16,69,67,42,31,20,15,15,5,0,0,0,0,0,0,0,8,6,6,5,0,0,0,19,6,0
20201014,2,16,47,23,27,18,13,14,15,2,0,0,0,0,0,0,0,8,6,6,5,0,0,0,20,5,0
20201013,8,11,37,33,28,24,9,8,4,4,0,0,0,0,0,0,0,9,6,6,5,1,0,0,21,6,0
20201012,2,3,20,18,20,9,3,2,1,0,0,0,0,0,0,0,0,7,6,6,5,1,0,0,22,3,0
20201011,2,13,38,34,23,18,7,10,1,0,0,0,0,0,0,0,0,7,6,5,4,2,0,0,20,3,1
20201010,6,23,64,42,32,31,17,18,14,1,0,0,0,0,0,0,0,8,6,5,4,1,0,0,20,4,0
20201009,3,16,60,43,26,28,9,11,4,2,1,0,0,0,0,0,0,6,6,4,4,1,0,0,18,3,0
20201008,4,8,49,61,42,39,20,16,9,0,0,0,0,0,0,0,0,6,6,4,5,1,0,0,18,4,0
20201007,1,2,28,30,20,27,10,12,8,2,0,0,0,0,0,0,0,6,6,6,5,1,0,0,20,4,0
20201006,6,10,44,37,30,23,6,9,9,2,0,0,0,0,0,0,0,7,6,6,5,1,0,0,21,4,0
20201005,2,3,17,13,9,11,4,3,3,0,0,0,0,0,0,0,0,7,8,5,4,1,0,0,22,3,0
20201004,2,5,31,14,21,15,6,8,4,1,0,0,0,0,0,0,0,8,8,6,3,1,0,0,23,3,0
20201003,5,6,60,43,36,20,14,14,5,2,0,0,0,0,0,0,0,8,7,6,3,1,0,0,22,3,0
20201002,7,11,48,47,25,21,17,12,6,2,0,0,0,0,0,0,0,8,6,6,2,0,0,0,20,2,0
20201001,4,9,60,48,36,31,15,14,14,3,0,0,0,0,0,0,1,8,6,5,2,0,0,0,21,1,0
20200930,7,10,46,44,32,21,11,12,9,2,0,0,0,0,0,0,1,8,5,4,3,0,0,0,19,2,0
20200929,7,7,52,39,33,31,15,18,6,3,0,0,0,0,0,0,1,9,5,5,3,0,0,0,20,3,0
20200928,1,2,26,15,13,9,4,2,3,3,0,0,0,0,0,0,1,9,8,5,3,0,0,0,23,3,0
20200927,4,6,36,32,20,18,14,10,1,3,0,0,0,0,0,0,1,10,9,6,3,0,0,0,25,4,0
20200926,10,8,62,52,51,35,18,20,11,2,0,0,0,0,0,0,1,10,9,6,3,0,0,0,25,4,0
20200925,5,14,46,39,40,23,16,7,3,2,0,0,0,0,0,0,1,10,8,6,4,1,0,0,25,5,0
20200924,6,13,53,38,32,27,11,5,4,4,0,0,0,0,0,0,1,8,8,6,5,1,0,0,24,5,0
20200923,1,3,10,16,14,3,4,7,1,0,0,0,0,0,0,0,1,9,8,5,5,0,0,0,24,4,0
20200922,1,2,22,18,17,12,4,6,4,2,0,0,0,0,0,1,1,9,8,5,5,0,0,1,25,4,1
20200921,1,2,29,17,12,13,8,10,5,0,0,0,0,0,0,1,1,9,8,5,3,0,0,0,25,2,0
20200920,4,10,37,32,40,16,7,12,3,1,0,0,0,0,0,1,1,10,8,4,3,0,0,0,25,2,0
20200919,3,11,51,40,45,33,18,12,4,1,0,0,0,0,0,1,1,10,8,2,3,0,0,0,24,1,0
20200918,7,8,49,53,35,32,11,12,9,4,0,0,0,0,0,1,1,10,9,1,4,0,0,0,25,1,0
20200917,4,10,44,34,30,25,10,8,5,1,0,0,0,0,0,1,2,9,8,2,5,0,0,0,26,1,0
20200916,7,8,33,26,34,24,11,13,7,0,0,0,0,0,0,1,2,8,7,2,3,0,0,0,22,1,0
20200915,5,12,43,38,33,30,12,8,8,2,0,0,0,0,0,1,2,7,6,2,3,0,0,0,20,1,0
20200914,2,4,17,16,13,15,5,5,2,1,0,0,0,0,0,1,3,7,6,2,3,0,0,0,21,1,0
20200913,2,7,43,27,25,21,6,8,4,3,0,0,0,0,0,0,3,9,5,3,4,0,0,0,22,2,0
20200912,8,8,51,55,53,24,10,3,10,4,0,0,0,0,0,0,3,9,5,3,3,0,0,0,21,2,0
20200911,3,7,48,45,30,30,12,6,5,1,0,0,0,0,0,0,2,11,4,4,3,0,0,0,21,3,0
20200910,1,10,56,71,57,38,23,10,7,3,0,0,0,0,0,0,2,10,4,4,3,0,0,0,20,3,0
20200909,3,9,39,39,24,18,6,7,3,1,0,0,0,0,0,0,2,11,4,4,3,0,0,0,21,3,0
20200908,4,7,41,45,32,18,8,6,6,2,1,0,0,0,0,0,2,9,3,4,3,0,0,0,19,2,0
20200907,3,0,19,17,11,15,7,3,1,0,0,0,0,0,0,0,2,9,3,6,3,1,0,0,22,2,0
20200906,3,11,19,23,21,15,13,4,6,1,0,0,0,0,0,0,2,9,4,7,3,1,0,1,23,3,1
20200905,10,10,37,37,35,24,13,7,5,3,0,0,0,0,0,0,2,9,5,7,3,1,0,0,24,3,0
20200904,1,4,49,28,25,14,7,5,3,0,0,0,0,0,0,0,2,8,4,9,4,1,0,0,25,3,0
20200903,4,12,62,45,30,30,7,9,7,5,0,0,0,0,0,0,2,6,5,8,5,1,0,0,24,3,0
20200902,13,2,35,30,22,18,10,6,5,0,0,0,0,0,0,0,2,6,5,10,5,1,0,0,26,3,0
20200901,2,10,48,38,28,17,15,6,5,1,0,0,0,0,0,0,1,8,5,9,5,1,0,0,26,3,0
20200830,3,6,41,37,23,16,8,4,6,4,0,0,0,0,0,0,2,8,5,15,3,1,0,0,30,4,0
20200829,5,15,72,42,44,26,22,10,7,3,1,0,0,0,0,0,2,8,3,15,3,1,0,0,28,4,0
20200828,8,8,63,46,31,35,16,5,12,2,0,0,0,0,0,0,2,8,3,13,2,1,0,1,25,4,1
20200827,10,19,79,50,37,23,9,11,10,2,0,0,0,0,0,0,2,8,4,14,2,1,0,0,27,4,0
20200826,6,5,65,52,36,32,24,8,7,1,0,0,0,0,0,0,2,8,5,14,2,0,0,0,27,4,0
20200825,3,9,49,33,33,25,12,10,7,1,0,0,0,0,0,0,0,0,0,0,0,0,0,0,0,0,0
20200824,0,3,29,25,14,11,5,0,5,3,0,0,0,0,0,0,0,0,0,0,0,0,0,0,0,0,0
20200823,5,5,66,43,29,28,19,6,4,7,0,0,0,0,0,0,0,0,0,0,0,0,0,0,0,0,0
20200822,4,5,100,64,30,25,12,6,10,0,0,0,0,0,0,0,0,0,0,0,0,0,0,0,0,0,0
20200821,9,10,83,54,40,33,12,9,8,0,0,0,0,0,0,0,0,0,0,0,0,0,0,0,0,0,0
20200820,6,10,111,72,50,37,21,19,10,3,0,0,0,0,0,0,0,0,0,0,0,0,0,0,0,0,0
20200819,3,8,60,44,18,29,11,6,6,1,0,0,0,0,0,0,0,0,0,0,0,0,0,0,0,0,0
20200818,5,5,77,34,34,20,12,12,7,1,0,0,0,0,0,0,0,0,0,0,0,0,0,0,0,0,0
20200817,1,6,44,36,25,22,10,12,4,1,0,0,0,0,0,0,0,0,0,0,0,0,0,0,0,0,0
20200816,9,16,84,53,36,25,23,11,3,0,0,0,0,0,0,0,0,0,0,0,0,0,0,0,0,0,0
20200815,9,17,120,84,55,48,21,18,12,1,0,0,0,0,0,0,0,0,0,0,0,0,0,0,0,0,0
20200814,6,9,129,97,58,38,23,18,10,1,0,0,0,0,0,0,0,0,0,0,0,0,0,0,0,0,0
20200813,6,10,69,38,31,22,16,9,3,2,0,0,0,0,0,0,0,0,0,0,0,0,0,0,0,0,0
20200812,5,4,78,57,33,19,5,9,11,1,0,0,0,0,0,0,0,0,0,0,0,0,0,0,0,0,0
20200811,4,18,69,39,22,19,7,6,4,0,0,0,0,0,0,0,0,0,0,0,0,0,0,0,0,0,0
20200810,6,8,65,45,34,22,5,7,5,0,0,0,0,0,0,0,0,0,0,0,0,0,0,0,0,0,0
20200809,7,8,133,79,43,29,10,18,2,1,1,0,0,0,0,0,0,0,0,0,0,0,0,0,0,0,0
20200808,7,15,164,110,54,41,15,14,4,5,0,0,0,0,0,0,0,0,0,0,0,0,0,0,0,0,0
20200807,2,19,186,118,67,33,19,11,6,0,0,0,0,0,0,0,0,0,0,0,0,0,0,0,0,0,0
20200806,6,14,134,95,43,29,23,11,5,0,0,0,0,0,0,0,0,0,0,0,0,0,0,0,0,0,0
20200805,7,11,89,74,28,24,19,6,2,3,0,0,0,0,0,0,0,0,0,0,0,0,0,0,0,0,0
20200804,3,11,130,63,40,25,14,12,7,4,0,0,0,0,0,0,0,0,0,0,0,0,0,0,0,0,0
20200803,3,9,110,60,30,23,10,5,4,4,0,0,0,0,0,0,0,0,0,0,0,0,0,0,0,0,0
20200802,2,9,138,65,40,20,9,3,4,1,1,0,0,0,0,0,0,0,0,0,0,0,0,0,0,0,0
20200801,9,15,216,108,51,38,21,7,6,1,0,0,0,0,0,0,0,0,0,0,0,0,0,0,0,0,0
20200730,2,9,147,89,53,30,13,16,5,3,0,0,0,0,0,0,0,0,0,0,0,0,0,0,0,0,0
20200729,3,6,100,60,38,18,15,6,3,1,0,0,0,0,0,0,0,0,0,0,0,0,0,0,0,0,0
20200728,4,9,101,67,29,36,6,7,6,1,0,0,0,0,0,0,0,0,0,0,0,0,0,0,0,0,0
20200727,1,4,55,24,23,11,7,2,4,0,0,0,0,0,0,0,0,0,0,0,0,0,0,0,0,0,0
20200726,1,3,89,59,29,23,11,15,6,3,0,0,0,0,0,0,0,0,0,0,0,0,0,0,0,0,0
20200725,6,14,119,66,48,27,7,6,1,1,0,0,0,0,0,0,0,0,0,0,0,0,0,0,0,0,0
20200724,2,4,108,78,32,23,6,4,2,1,0,0,0,0,0,0,0,0,0,0,0,0,0,0,0,0,0
20200723,9,15,139,93,51,23,15,15,5,1,0,0,0,0,0,0,0,0,0,0,0,0,0,0,0,0,0
20200722,8,9,86,58,31,20,14,10,2,0,0,0,0,0,0,0,0,0,0,0,0,0,0,0,0,0,0
20200721,0,4,83,54,37,30,11,10,8,0,0,0,0,0,0,0,0,0,0,0,0,0,0,0,0,0,0
20200720,1,2,69,39,27,13,8,5,3,1,0,0,0,0,0,0,0,0,0,0,0,0,0,0,0,0,0
20200719,3,3,84,45,26,13,7,6,1,0,0,0,0,0,0,0,0,0,0,0,0,0,0,0,0,0,0
20200718,4,9,125,64,40,21,10,5,8,4,0,0,0,0,0,0,0,0,0,0,0,0,0,0,0,0,0
20200717,1,6,147,63,34,24,5,5,5,3,0,0,0,0,0,0,0,0,0,0,0,0,0,0,0,0,0
20200716,5,9,139,57,31,20,15,4,4,2,0,0,0,0,0,0,0,0,0,0,0,0,0,0,0,0,0
20200715,7,3,69,36,24,8,8,8,2,0,0,0,0,0,0,0,0,0,0,0,0,0,0,0,0,0,0
20200714,7,6,64,29,16,10,7,2,2,0,0,0,0,0,0,0,0,0,0,0,0,0,0,0,0,0,0
20200713,0,3,51,33,15,12,2,2,0,0,0,0,0,0,0,0,0,0,0,0,0,0,0,0,0,0,0
20200712,14,7,87,46,20,9,11,5,2,5,0,0,0,0,0,0,0,0,0,0,0,0,0,0,0,0,0
20200711,12,3,90,54,22,15,5,4,1,0,0,0,0,0,0,0,0,0,0,0,0,0,0,0,0,0,0
20200710,2,7,126,60,22,13,8,4,1,0,0,0,0,0,0,0,0,0,0,0,0,0,0,0,0,0,0
20200709,10,4,109,60,18,12,7,3,1,0,0,0,0,0,0,0,0,0,0,0,0,0,0,0,0,0,0
20200708,4,4,33,17,10,6,1,0,0,0,0,0,0,0,0,0,0,0,0,0,0,0,0,0,0,0,0
20200707,4,5,43,27,15,6,6,0,0,0,0,0,0,0,0,0,0,0,0,0,0,0,0,0,0,0,0
20200706,0,3,53,19,12,11,3,0,1,0,0,0,0,0,0,0,0,0,0,0,0,0,0,0,0,0,0
20200705,1,4,49,24,14,6,2,3,3,4,1,0,0,0,0,0,0,0,0,0,0,0,0,0,0,0,0
20200704,4,4,74,24,15,3,2,2,2,1,0,0,0,0,0,0,0,0,0,0,0,0,0,0,0,0,0
20200703,0,4,60,37,9,6,4,2,1,1,0,0,0,0,0,0,0,0,0,0,0,0,0,0,0,0,0
20200702,3,2,37,34,11,10,2,3,2,3,0,0,0,0,0,0,0,0,0,0,0,0,0,0,0,0,0
20200701,2,2,35,14,9,3,2,0,0,0,0,0,0,0,0,0,0,0,0,0,0,0,0,0,0,0,0
20200630,2,5,16,10,8,7,2,3,1,0,0,0,0,0,0,0,0,0,0,0,0,0,0,0,0,0,0
20200629,0,1,32,14,4,2,0,1,2,2,0,0,0,0,0,0,0,0,0,0,0,0,0,0,0,0,0
20200628,0,1,33,12,7,4,1,1,0,1,0,0,0,0,0,0,0,0,0,0,0,0,0,0,0,0,0
20200627,0,0,27,14,7,7,0,1,1,0,0,0,0,0,0,0,0,0,0,0,0,0,0,0,0,0,0
20200626,1,1,26,14,7,2,3,0,0,0,0,0,0,0,0,0,0,0,0,0,0,0,0,0,0,0,0
20200625,4,2,20,8,6,5,1,1,0,1,0,0,0,0,0,0,0,0,0,0,0,0,0,0,0,0,0
20200624,0,1,32,9,5,4,3,1,0,0,0,0,0,0,0,0,0,0,0,0,0,0,0,0,0,0,0
20200623,0,0,13,7,4,1,3,3,0,0,0,0,0,0,0,0,0,0,0,0,0,0,0,0,0,0,0
20200622,0,0,14,7,4,2,2,0,0,0,0,0,0,0,0,0,0,0,0,0,0,0,0,0,0,0,0
20200621,0,0,20,11,1,1,0,1,0,0,0,0,0,0,0,0,0,0,0,0,0,0,0,0,0,0,0
20200620,0,1,15,17,3,3,0,0,0,0,0,0,0,0,0,0,0,0,0,0,0,0,0,0,0,0,0
20200619,0,2,14,7,5,1,1,4,1,0,0,0,0,0,0,0,0,0,0,0,0,0,0,0,0,0,0
20200618,0,1,15,12,3,2,5,1,2,0,0,0,0,0,0,0,0,0,0,0,0,0,0,0,0,0,0
20200617,0,0,3,5,2,0,3,1,2,0,0,0,0,0,0,0,0,0,0,0,0,0,0,0,0,0,0
20200616,1,1,14,7,0,2,0,2,0,0,0,0,0,0,0,0,0,0,0,0,0,0,0,0,0,0,0
20200615,0,0,29,8,4,2,4,1,0,0,0,0,0,0,0,0,0,0,0,0,0,0,0,0,0,0,0
20200614,0,4,26,8,2,1,3,2,1,0,0,0,0,0,0,0,0,0,0,0,0,0,0,0,0,0,0
20200613,0,0,8,7,0,2,3,4,0,0,0,0,0,0,0,0,0,0,0,0,0,0,0,0,0,0,0
20200612,0,0,12,9,0,3,0,0,1,0,0,0,0,0,0,0,0,0,0,0,0,0,0,0,0,0,0
20200611,0,0,12,3,1,1,2,1,2,0,0,0,0,0,0,0,0,0,0,0,0,0,0,0,0,0,0
20200610,0,0,7,5,3,0,1,0,2,0,0,0,0,0,0,0,0,0,0,0,0,0,0,0,0,0,0
20200609,0,1,4,1,1,1,1,1,1,1,0,0,0,0,0,0,0,0,0,0,0,0,0,0,0,0,0
20200608,0,0,8,3,1,1,0,0,0,0,0,0,0,0,0,0,0,0,0,0,0,0,0,0,0,0,0
20200607,0,1,2,4,3,4,0,0,0,0,0,0,0,0,0,0,0,0,0,0,0,0,0,0,0,0,0
20200606,0,0,12,7,3,2,1,1,0,0,0,0,0,0,0,0,0,0,0,0,0,0,0,0,0,0,0
20200605,0,0,8,4,4,3,0,0,1,0,0,0,0,0,0,0,0,0,0,0,0,0,0,0,0,0,0
20200604,0,1,13,9,1,1,1,0,2,0,0,0,0,0,0,0,0,0,0,0,0,0,0,0,0,0,0
20200603,0,0,2,4,4,1,0,1,0,0,0,0,0,0,0,0,0,0,0,0,0,0,0,0,0,0,0
20200602,0,0,9,6,2,3,3,6,4,1,0,0,0,0,0,0,0,0,0,0,0,0,0,0,0,0,0
20200601,0,0,7,2,2,1,0,1,0,0,0,0,0,0,0,0,0,0,0,0,0,0,0,0,0,0,0
20200530,0,0,4,0,1,2,2,3,2,0,0,0,0,0,0,0,0,0,0,0,0,0,0,0,0,0,0
20200529,0,0,4,7,2,3,1,4,0,0,0,0,0,0,0,0,0,0,0,0,0,0,0,0,0,0,0
20200528,0,2,3,6,1,1,0,0,2,0,0,0,0,0,0,0,0,0,0,0,0,0,0,0,0,0,0
20200527,0,2,1,3,1,1,0,2,0,1,0,0,0,0,0,0,0,0,0,0,0,0,0,0,0,0,0
20200526,0,0,5,1,1,1,2,0,0,0,0,0,0,0,0,0,0,0,0,0,0,0,0,0,0,0,0
20200525,0,0,2,3,0,1,0,0,1,1,0,0,0,0,0,0,0,0,0,0,0,0,0,0,0,0,0
20200524,0,1,4,4,2,1,1,1,0,0,0,0,0,0,0,0,0,0,0,0,0,0,0,0,0,0,0
20200523,0,0,0,1,0,0,1,0,0,0,0,0,0,0,0,0,0,0,0,0,0,0,0,0,0,0,0
20200522,0,0,1,0,0,1,1,0,0,0,0,0,0,0,0,0,0,0,0,0,0,0,0,0,0,0,0
20200521,1,1,3,1,1,1,1,1,1,0,0,0,0,0,0,0,0,0,0,0,0,0,0,0,0,0,0
20200520,0,0,2,0,1,0,0,1,1,0,0,0,0,0,0,0,0,0,0,0,0,0,0,0,0,0,0
20200519,0,0,1,0,2,1,0,1,0,0,0,0,0,0,0,0,0,0,0,0,0,0,0,0,0,0,0
20200518,0,0,2,3,0,0,2,1,2,0,0,0,0,0,0,0,0,0,0,0,0,0,0,0,0,0,0
20200517,0,0,2,1,0,0,0,1,1,0,0,0,0,0,0,0,0,0,0,0,0,0,0,0,0,0,0
20200516,0,0,6,1,0,1,2,2,0,2,0,0,0,0,0,0,0,0,0,0,0,0,0,0,0,0,0
20200515,0,0,2,1,2,1,0,0,1,2,0,0,0,0,0,0,0,0,0,0,0,0,0,0,0,0,0
20200514,0,0,8,6,1,0,2,4,5,4,0,0,0,0,0,0,0,0,0,0,0,0,0,0,0,0,0
20200513,0,0,3,2,2,1,2,0,0,0,0,0,0,0,0,0,0,0,0,0,0,0,0,0,0,0,0
20200512,0,2,5,3,3,2,3,4,3,3,0,0,0,0,0,0,0,0,0,0,0,0,0,0,0,0,0
20200511,0,0,7,0,0,3,1,1,2,0,1,0,0,0,0,0,0,0,0,0,0,0,0,0,0,0,0
20200510,1,0,5,1,3,0,4,2,6,0,0,0,0,0,0,0,0,0,0,0,0,0,0,0,0,0,0
20200509,1,0,11,6,2,7,4,2,2,1,0,0,0,0,0,0,0,0,0,0,0,0,0,0,0,0,0
20200508,0,2,6,10,6,5,2,3,4,1,0,0,0,0,0,0,0,0,0,0,0,0,0,0,0,0,0
20200507,0,0,4,3,3,2,3,4,0,3,1,0,0,0,0,0,0,0,0,0,0,0,0,0,0,0,0
20200506,0,0,7,6,2,5,0,8,7,3,0,0,0,0,0,0,0,0,0,0,0,0,0,0,0,0,0
20200505,2,1,13,8,7,8,8,4,3,4,0,0,0,0,0,0,0,0,0,0,0,0,0,0,0,0,0
20200504,0,0,15,12,8,11,5,13,16,7,0,0,0,0,0,0,0,0,0,0,0,0,0,0,0,0,0
20200503,0,2,17,18,17,14,8,6,9,0,0,0,0,0,0,0,0,0,0,0,0,0,0,0,0,0,0
20200502,2,7,29,18,19,27,19,14,10,7,0,2,0,0,0,0,0,0,0,0,0,0,0,0,0,0,0
20200501,2,1,22,27,17,12,18,19,30,17,0,0,0,0,0,0,0,0,0,0,0,0,0,0,0,0,0
20200430,3,0,6,7,3,4,5,7,6,5,0,0,0,0,0,0,0,0,0,0,0,0,0,0,0,0,0
20200429,4,0,7,7,5,7,4,8,5,0,0,0,0,0,0,0,0,0,0,0,0,0,0,0,0,0,0
20200428,2,3,22,12,13,16,11,16,9,8,0,0,0,0,0,0,0,0,0,0,0,0,0,0,0,0,0
20200427,3,0,10,5,3,5,4,4,1,4,0,0,0,0,0,0,0,0,0,0,0,0,0,0,0,0,0
20200426,1,3,14,4,12,9,9,9,3,8,0,0,0,0,0,0,0,0,0,0,0,0,0,0,0,0,0
20200425,1,3,11,20,13,20,11,7,8,7,0,2,0,0,0,0,0,0,0,0,0,0,0,0,0,0,0
20200424,1,3,39,25,21,25,11,12,14,8,1,1,0,0,0,0,0,0,0,0,0,0,0,0,0,0,0
20200423,2,3,18,26,23,13,12,15,14,8,0,0,0,0,0,0,0,0,0,0,0,0,0,0,0,0,0
20200422,8,2,32,24,11,25,8,14,6,2,0,0,0,0,0,0,0,0,0,0,0,0,0,0,0,0,0
20200421,0,0,22,16,20,29,16,10,7,3,0,0,0,0,0,0,0,0,0,0,0,0,0,0,0,0,0
20200420,1,2,18,20,19,15,11,9,4,2,0,1,0,0,0,0,0,0,0,0,0,0,0,0,0,0,0
20200419,1,1,18,19,20,12,15,14,2,5,0,0,0,0,0,0,0,0,0,0,0,0,0,0,0,0,0
20200418,2,7,29,30,28,35,16,17,12,5,0,0,0,0,0,0,0,0,0,0,0,0,0,0,0,0,0
20200417,2,2,30,32,36,33,26,17,18,4,0,1,0,0,0,0,0,0,0,0,0,0,0,0,0,0,0
20200416,4,3,27,34,20,26,17,10,6,2,0,0,0,0,0,0,0,0,0,0,0,0,0,0,0,0,0
20200415,3,0,19,14,22,25,17,13,14,0,0,0,0,0,0,0,0,0,0,0,0,0,0,0,0,0,0
20200414,2,1,29,26,43,28,19,11,0,1,0,1,0,0,0,0,0,0,0,0,0,0,0,0,0,0,0
20200413,1,1,21,19,17,27,8,4,2,0,0,0,0,0,0,0,0,0,0,0,0,0,0,0,0,0,0
20200410,0,2,48,44,29,32,17,9,5,1,0,1,0,0,0,0,0,0,0,0,0,0,0,0,0,0,0
20200409,4,3,18,41,36,29,20,18,10,1,0,1,0,0,0,0,0,0,0,0,0,0,0,0,0,0,0
20200408,0,1,28,33,19,22,16,14,10,1,0,0,0,0,0,0,0,0,0,0,0,0,0,0,0,0,0
20200407,2,1,12,19,17,15,7,5,2,0,0,0,0,0,0,0,0,0,0,0,0,0,0,0,0,0,0
20200406,0,0,18,21,15,11,12,6,0,0,0,0,0,0,0,0,0,0,0,0,0,0,0,0,0,0,0
20200405,0,1,37,33,20,17,12,5,8,3,0,7,0,0,0,0,0,0,0,0,0,0,0,0,0,0,0
20200404,0,2,19,21,18,17,15,15,7,3,0,0,0,0,0,0,0,0,0,0,0,0,0,0,0,0,0
20200403,0,1,11,23,16,14,10,9,4,0,0,1,0,0,0,0,0,0,0,0,0,0,0,0,0,0,0
20200402,2,4,19,15,20,14,9,10,3,1,0,0,0,0,0,0,0,0,0,0,0,0,0,0,0,0,0
20200401,0,1,10,16,18,11,8,2,0,0,0,0,0,0,0,0,0,0,0,0,0,0,0,0,0,0,0
