20210818,266,491,1661,1137,892,610,179,80,51,19,0,0,1,4,21,50,111,58,23,7,0,0,0,212,63,0
20210817,202,416,1326,917,736,503,156,70,38,13,0,0,1,5,21,50,110,59,24,6,0,0,0,214,62,0
20210816,166,283,927,572,459,350,100,44,38,22,1,0,1,5,21,55,103,56,21,6,0,0,0,209,59,0
20210815,212,413,1320,877,706,505,152,63,36,10,1,0,2,5,23,53,94,48,21,5,0,0,0,196,55,0
20210814,271,468,1568,1079,824,583,164,63,49,24,1,0,2,5,24,53,90,46,21,4,0,0,0,192,53,0
20210813,276,526,1810,1189,955,689,188,76,50,14,0,0,1,6,21,50,82,39,23,5,0,0,0,174,53,0
20210812,235,473,1490,1031,865,627,146,61,46,14,1,0,1,5,19,52,78,39,19,5,0,0,0,173,45,0
20210811,206,397,1262,867,727,485,146,55,43,9,3,0,1,5,14,52,67,36,18,4,0,0,0,156,41,0
20210810,106,225,844,560,420,296,82,40,29,10,0,0,1,4,14,43,62,32,17,3,0,0,0,138,38,0
20210809,142,262,982,566,436,318,106,36,30,6,0,0,1,4,10,36,58,29,16,3,0,0,0,123,34,0
20210808,188,353,1367,797,682,475,121,52,25,5,1,0,1,4,10,36,54,27,16,3,0,0,0,119,32,0
20210807,208,418,1467,982,675,543,161,63,39,9,1,0,1,3,11,33,56,26,16,4,0,0,0,122,28,0
20210806,188,369,1517,962,730,498,144,59,39,8,1,0,1,2,11,30,55,21,17,4,0,0,0,115,26,0
20210805,229,441,1600,1120,811,552,150,73,52,13,1,0,1,2,9,25,57,21,16,4,0,0,0,109,26,0
20210804,172,339,1380,885,658,493,136,55,37,10,1,0,0,2,6,22,48,19,15,3,0,0,0,95,20,0
20210803,157,321,1208,852,590,404,102,44,22,8,1,0,0,2,6,24,45,19,13,3,0,0,0,92,20,0
20210802,92,166,773,520,336,220,52,24,11,1,0,0,0,2,8,26,44,19,12,3,0,0,0,96,18,0
20210801,101,274,1146,634,433,323,78,36,25,7,1,0,0,2,6,17,36,19,15,1,0,0,5,78,18,5
20210731,153,354,1484,887,583,398,127,44,19,8,1,0,0,2,7,17,32,21,16,0,0,0,0,76,19,0
20210730,110,275,1208,725,515,324,83,30,23,7,0,0,0,2,6,16,31,18,15,0,0,0,0,73,15,0
20210729,120,323,1417,782,612,407,122,47,31,3,1,0,1,0,0,0,0,0,0,0,0,0,0,0,0,0
20210728,138,250,1078,680,485,374,99,37,26,9,1,0,0,1,3,17,30,15,14,0,0,0,0,65,15,0
20210727,97,275,951,610,466,301,91,25,23,8,1,0,0,0,3,17,26,19,17,0,0,0,0,67,15,0
20210726,46,137,488,310,234,160,36,10,6,2,0,0,0,0,4,18,23,17,16,0,0,0,0,62,16,0
20210725,82,166,574,368,305,183,49,20,12,3,1,0,0,2,5,13,18,18,15,1,0,0,0,56,16,0
20210724,60,96,380,251,167,115,34,16,7,2,0,0,0,2,5,14,19,18,15,1,0,0,0,58,16,0
20210723,72,111,492,276,204,141,37,11,13,2,0,0,0,2,4,13,16,18,14,1,0,0,0,55,13,0
20210722,95,159,658,399,314,246,56,38,11,2,1,0,0,1,3,11,16,18,15,1,0,0,0,52,13,0
20210721,76,130,577,410,294,233,64,25,13,9,1,0,0,1,3,11,15,18,15,1,0,0,0,51,13,0
20210720,75,78,448,300,234,179,45,20,6,2,0,0,0,0,2,10,16,17,14,1,0,0,0,48,12,0
20210719,45,48,204,173,127,82,29,11,7,1,0,0,0,0,4,10,13,14,17,2,0,0,0,47,13,0
20210718,43,65,326,203,186,123,26,20,14,2,0,0,0,1,2,8,12,17,16,2,0,0,0,44,14,0
20210717,61,110,469,311,232,149,51,17,8,1,1,0,0,1,2,8,13,17,16,2,0,0,0,46,13,0
20210716,53,109,431,265,201,142,40,17,9,3,1,0,0,1,1,7,10,15,17,2,0,0,0,41,12,0
20210715,50,103,450,256,211,153,50,20,10,5,0,0,1,0,0,0,0,0,0,0,0,0,0,0,0,0
20210714,72,98,326,214,209,140,57,15,18,0,0,0,1,0,0,0,0,0,0,0,0,0,0,0,0,0
20210713,17,53,257,175,144,113,39,21,8,3,0,0,1,0,0,0,0,0,0,0,0,0,0,0,0,0
20210712,25,33,172,102,91,50,16,8,3,2,0,0,1,0,0,0,0,0,0,0,0,0,0,0,0,0
20210711,24,50,208,119,109,64,21,12,6,1,0,0,0,3,0,4,20,11,20,3,0,0,0,50,11,0
20210710,34,67,301,186,172,107,44,20,16,3,0,0,0,3,0,5,20,12,20,3,0,0,0,51,12,0
20210709,36,46,270,157,147,112,35,14,4,1,0,0,0,3,0,5,20,13,19,2,0,0,0,50,12,0
20210708,34,63,259,193,161,113,40,23,10,0,0,0,0,3,0,5,19,13,18,2,0,0,0,45,15,0
20210707,53,70,265,191,181,103,39,12,6,0,0,0,0,3,0,5,23,12,17,2,0,0,0,46,16,0
20210706,21,29,169,129,107,96,25,12,4,1,0,0,0,5,1,5,21,12,17,2,0,0,0,47,16,0
20210705,7,26,101,61,62,39,25,7,11,3,0,0,0,3,1,6,19,11,14,3,0,0,0,41,16,0
20210704,22,38,168,118,95,44,20,9,3,1,0,0,0,2,1,6,16,9,14,3,0,0,0,37,14,0
20210703,20,45,246,166,109,71,30,11,15,3,0,0,0,2,1,4,16,9,14,4,0,0,0,38,12,0
20210702,30,43,221,113,102,94,30,16,9,2,0,0,0,2,1,4,18,9,16,4,0,0,0,40,14,0
20210701,27,48,207,155,95,89,28,14,8,2,0,0,0,2,1,3,16,9,16,4,0,0,0,37,14,0
20210630,17,61,201,132,143,94,36,13,13,4,0,0,0,2,0,3,15,8,15,4,0,0,0,34,13,0
20210629,11,47,136,83,81,69,28,15,6,0,0,0,0,2,0,1,13,8,15,4,0,0,0,30,13,0
20210628,8,27,95,61,47,49,15,10,4,1,0,0,0,0,0,1,11,9,16,4,0,0,0,28,13,0
20210627,16,35,108,74,68,43,23,13,5,1,0,0,0,0,0,0,11,8,14,4,0,0,0,26,11,0
20210626,42,44,159,98,77,64,27,13,9,1,0,0,0,0,0,0,9,8,16,4,0,0,0,26,11,0
20210625,25,63,180,111,81,67,20,11,4,0,0,0,0,0,0,0,6,9,19,4,0,0,0,26,12,0
20210624,20,75,156,106,102,72,25,6,6,2,0,0,0,0,1,1,6,10,21,4,0,0,0,30,13,0
20210623,15,77,165,129,101,82,27,14,9,0,0,0,0,0,1,2,5,10,22,4,0,0,0,33,11,0
20210622,10,44,130,83,70,54,19,11,10,4,0,0,0,0,1,3,4,12,21,4,0,0,0,35,10,0
20210621,4,18,79,45,46,30,8,3,2,0,1,0,0,0,1,3,4,13,23,3,0,0,0,36,11,0
20210620,22,35,131,53,51,52,14,11,6,1,0,0,0,0,1,4,3,12,22,3,0,0,0,35,10,0
20210619,18,27,126,68,56,52,22,8,7,4,0,0,0,0,1,3,3,12,21,3,0,0,0,34,9,0
20210618,9,40,145,93,86,41,24,9,3,3,0,0,0,0,0,2,2,13,22,3,0,0,0,33,9,0
20210617,16,30,147,92,73,51,19,10,8,6,0,0,0,0,0,3,2,13,20,2,0,0,0,32,8,0
20210616,8,43,152,88,95,68,23,14,8,2,0,0,0,0,0,3,3,14,22,2,1,0,0,36,9,0
20210615,8,28,96,79,50,39,17,13,6,0,1,0,0,0,0,3,3,16,20,2,1,0,0,35,10,0
20210614,3,13,71,37,28,25,18,5,7,2,0,0,0,0,0,4,3,16,20,2,1,0,0,36,10,0
20210613,13,25,99,63,43,28,14,10,8,1,0,0,0,0,0,4,5,15,20,2,1,0,0,36,11,0
20210612,18,36,160,87,68,50,20,15,10,3,0,0,0,0,0,4,5,15,19,2,1,0,0,35,11,0
20210611,8,28,167,79,71,39,24,10,7,2,0,0,0,0,0,4,8,15,19,4,1,0,0,39,12,0
20210610,11,27,141,84,77,65,18,11,4,1,0,0,0,0,0,5,10,16,21,2,1,0,0,44,11,0
20210609,12,27,135,96,72,54,26,12,4,2,0,0,0,0,0,5,10,16,21,4,1,0,0,44,13,0
20210608,19,24,114,72,58,41,21,15,3,2,0,0,1,0,0,4,11,16,23,4,1,0,0,46,14,0
20210607,4,14,83,49,38,26,9,7,5,0,0,0,1,0,1,5,11,15,22,5,1,0,0,46,15,0
20210606,17,20,82,82,64,43,23,11,8,1,0,0,1,0,1,5,10,14,22,6,1,0,0,45,15,0
20210605,15,26,127,96,69,57,21,15,9,1,0,0,1,0,1,6,10,13,23,7,1,0,0,48,14,0
20210604,32,27,132,99,73,63,19,19,5,3,0,0,1,0,1,5,11,12,23,8,1,0,0,49,13,0
20210603,20,27,135,108,81,76,21,24,10,5,1,0,1,0,1,6,9,16,24,8,2,0,0,51,16,0
20210602,18,30,146,87,92,47,32,20,15,0,0,0,1,0,1,6,12,18,23,9,3,0,0,56,17,0
20210601,22,37,115,103,88,46,24,22,14,0,0,0,1,0,0,6,14,19,21,7,2,0,0,56,14,0
20210531,10,17,72,59,38,33,11,9,6,5,0,0,0,0,0,6,13,24,23,7,2,0,0,61,14,0
20210529,22,37,160,115,79,59,36,19,9,2,1,0,0,0,0,7,14,24,24,7,2,0,0,64,14,0
20210528,26,31,168,133,104,65,38,23,24,2,0,0,0,0,0,5,12,19,25,7,2,0,0,55,15,0
20210527,24,41,180,139,112,88,46,36,13,5,0,0,0,0,0,5,12,20,23,7,1,0,1,55,13,1
20210526,26,45,177,156,121,86,49,40,32,11,0,0,0,0,0,6,12,20,24,7,1,0,0,58,12,0
20210525,19,26,144,123,90,64,31,26,12,7,0,0,0,0,1,5,13,24,21,6,1,0,0,58,13,0
20210524,16,32,92,51,41,49,23,15,13,7,1,0,0,0,1,5,13,22,21,6,0,0,0,55,13,0
20210523,24,31,163,90,79,67,29,31,17,3,1,0,0,0,1,4,8,21,20,5,2,0,0,46,14,1
20210522,29,26,182,110,101,64,37,26,25,2,0,0,0,0,1,4,9,21,21,5,1,0,0,49,13,0
20210521,28,37,216,114,94,78,27,32,17,6,0,0,0,0,1,5,9,24,21,4,1,0,0,53,12,0
20210520,27,53,268,152,113,99,60,34,26,11,0,0,0,0,1,4,8,25,25,5,1,0,0,55,14,0
20210519,19,50,210,155,113,98,46,43,25,6,1,0,0,0,1,3,10,26,28,4,1,0,0,59,14,0
20210518,19,47,209,143,124,90,36,39,14,10,1,0,0,1,3,5,10,29,27,5,1,0,0,66,15,0
20210517,7,30,126,85,53,49,31,18,15,4,1,0,0,1,3,4,15,28,25,7,2,0,0,69,16,0
20210516,25,42,165,99,69,63,33,26,15,5,0,0,0,1,4,3,16,26,24,8,2,0,0,67,17,0
20210515,26,56,234,135,125,97,44,30,23,2,0,0,0,1,4,3,18,26,23,8,2,0,0,69,16,0
20210514,30,56,288,144,118,100,55,33,22,8,0,0,0,0,4,4,19,25,23,7,2,0,0,67,17,0
20210513,30,66,316,196,152,115,51,40,31,13,0,0,0,0,2,4,20,25,22,10,1,0,0,69,15,0
20210512,30,66,273,199,147,117,67,33,24,12,1,0,0,2,1,5,19,26,23,9,1,0,0,69,17,0
20210511,32,61,277,148,141,117,64,46,29,10,0,0,0,2,1,6,19,25,20,8,0,0,0,65,16,0
20210510,25,40,148,103,102,74,23,34,22,2,0,0,0,2,1,5,18,23,20,9,0,0,0,62,16,0
20210509,49,83,304,167,167,122,61,42,26,11,0,0,0,2,1,5,16,23,18,8,0,0,0,59,14,0
20210508,40,83,286,216,187,147,71,51,36,4,0,0,0,2,1,6,16,23,15,8,0,0,0,58,13,0
20210507,36,54,227,189,161,129,48,31,26,6,0,0,0,2,1,7,15,21,15,7,0,0,1,56,12,1
20210506,21,42,151,122,92,70,40,27,17,9,0,0,0,2,3,7,17,22,12,9,0,0,0,58,14,0
20210505,19,51,155,142,100,70,40,26,17,1,0,0,0,1,3,5,17,22,13,8,0,0,0,56,13,0
20210504,25,32,148,123,103,89,33,32,17,7,0,0,0,1,3,5,14,22,12,8,0,0,0,52,13,0
20210503,33,61,182,131,137,73,36,31,15,8,1,0,0,1,3,5,13,22,13,8,0,0,0,53,12,0
20210502,46,68,233,162,133,110,54,45,22,6,0,0,0,1,3,6,13,21,10,9,0,0,0,52,11,0
20210501,33,72,272,220,173,152,64,38,16,10,0,0,0,1,3,6,13,21,10,9,0,0,0,52,11,0
20210430,26,60,218,110,130,83,33,22,11,5,0,0,0,1,3,7,12,21,13,8,0,0,0,53,12,0
20210429,36,86,282,197,172,135,59,34,24,2,0,0,0,1,3,5,10,19,13,7,0,0,0,45,13,0
20210428,30,64,255,176,160,113,57,41,17,11,1,0,0,1,3,4,10,15,13,7,0,0,0,41,12,0
20210427,16,61,220,119,125,119,46,42,51,27,2,0,0,1,4,4,11,13,15,6,1,0,0,40,15,0
20210426,12,18,117,90,64,62,30,19,10,2,1,0,0,1,4,4,10,13,16,6,1,0,0,39,16,0
20210425,23,48,182,117,83,91,37,29,20,5,0,0,0,1,4,4,8,12,16,4,1,0,0,35,15,0
20210424,19,64,248,178,134,100,52,38,32,11,0,0,0,1,4,4,7,12,18,3,2,0,0,35,15,1
20210423,24,71,226,145,115,96,41,26,11,4,0,0,0,1,4,5,9,11,17,4,1,0,0,37,15,0
20210422,22,65,261,134,132,103,68,45,21,10,0,0,0,1,2,5,8,11,16,4,1,0,0,36,12,0
20210421,44,50,221,170,157,94,46,39,17,5,0,0,0,1,1,6,6,12,18,3,1,0,0,37,11,0
20210420,16,45,175,148,127,67,44,42,33,14,0,0,0,1,1,4,6,14,20,3,1,0,0,38,12,0
20210419,16,34,86,85,58,58,28,15,17,7,1,0,0,1,1,4,6,13,17,3,1,0,0,35,11,1
20210418,26,44,145,107,83,46,37,22,25,8,0,0,0,1,0,2,6,11,18,6,1,0,0,34,11,0
20210417,20,53,239,156,112,78,41,30,20,10,0,0,0,1,0,2,7,12,17,5,1,0,0,34,11,0
20210416,17,45,200,132,119,63,48,27,12,4,0,0,0,1,0,2,7,11,16,5,1,0,0,32,11,0
20210415,24,34,203,145,122,96,36,31,27,11,0,0,0,1,0,2,6,8,15,4,1,0,0,29,8,0
20210414,16,48,183,103,101,78,21,20,16,5,0,0,0,1,0,3,6,7,19,4,1,0,0,32,9,0
20210413,15,37,156,87,100,51,25,25,14,0,0,0,0,1,0,2,6,8,19,4,1,0,0,32,9,0
20210412,9,25,88,57,47,40,21,7,8,4,0,0,0,1,0,1,6,9,18,5,2,0,0,32,10,0
20210411,22,24,138,78,61,39,20,14,21,3,1,0,0,0,0,1,4,8,18,5,2,0,1,28,10,1
20210410,18,36,162,117,96,75,24,24,12,6,0,0,0,0,0,1,4,9,16,5,2,0,0,26,11,0
20210409,10,35,173,95,94,76,21,16,12,5,0,0,0,0,0,1,5,12,17,6,2,0,0,30,13,0
20210408,4,29,173,103,86,66,35,26,15,8,0,0,0,0,0,1,5,10,16,8,1,0,0,28,13,0
20210407,9,23,178,97,84,80,39,27,14,4,0,0,0,0,0,1,6,10,16,7,1,0,0,28,13,0
20210406,5,20,116,96,53,60,19,18,9,1,2,0,0,0,0,2,6,10,18,7,1,0,0,29,15,0
20210405,8,16,79,51,31,27,17,10,7,3,0,0,0,0,0,2,6,12,18,7,1,0,0,30,16,0
20210404,15,20,102,76,50,53,14,16,6,3,0,0,0,0,0,3,6,13,17,7,1,0,0,32,15,0
20210403,12,22,131,79,67,53,35,25,14,7,1,0,0,0,0,3,6,13,18,7,1,0,0,33,15,0
20210402,15,31,115,63,78,63,27,27,17,3,1,0,0,0,0,3,4,12,17,6,1,0,0,28,15,0
20210401,17,24,114,93,55,64,39,32,24,13,0,0,0,0,0,3,3,12,18,7,1,0,0,28,16,0
20210331,12,20,115,64,66,49,29,29,25,5,0,0,0,0,0,2,4,12,19,7,1,0,0,30,15,0
20210328,0,13,88,41,43,47,23,31,19,7,1,0,0,0,0,2,3,10,17,7,2,0,0,29,12,0
20210327,17,28,107,74,56,54,32,35,17,10,0,0,0,0,0,3,3,10,19,7,2,0,0,31,13,0
20210326,14,14,88,51,68,43,29,38,22,9,0,0,0,0,0,3,3,10,20,7,2,0,0,31,14,0
20210325,5,16,90,53,57,55,41,39,27,11,0,0,0,0,0,4,3,9,17,7,1,0,0,29,12,0
20210324,18,22,89,62,55,48,42,35,35,10,4,0,0,0,0,4,4,9,15,8,2,0,0,33,9,0
20210323,9,30,86,46,41,43,19,29,24,10,0,0,0,0,0,4,4,9,16,7,2,0,0,33,9,0
20210322,9,9,39,29,35,21,13,13,17,2,0,0,0,0,0,4,5,10,19,8,1,0,0,34,13,0
20210321,15,7,52,30,31,41,26,21,25,8,0,0,0,0,0,2,5,12,20,7,1,0,0,33,14,0
20210320,18,20,87,52,42,50,22,22,23,6,0,0,0,0,0,2,5,13,19,7,1,0,0,34,13,0
20210319,10,20,67,49,38,38,36,23,18,4,0,0,0,0,0,2,5,12,19,7,1,0,0,33,13,0
20210318,12,20,65,48,36,42,40,35,20,4,1,0,0,0,0,2,4,10,20,7,1,0,0,31,13,0
20210317,22,24,88,69,58,55,21,41,25,6,0,0,0,0,0,1,3,10,18,8,1,0,0,27,14,0
20210316,6,11,55,67,41,45,32,23,13,7,0,0,0,0,0,1,3,10,18,9,1,0,0,27,15,0
20210315,8,14,32,22,28,20,11,16,13,10,0,1,0,0,0,2,3,11,18,7,0,0,1,27,14,1
20210314,12,18,46,37,36,26,15,24,19,6,0,0,0,0,0,2,3,10,17,8,0,0,1,27,13,1
20210313,16,10,75,46,53,45,25,27,30,3,0,0,0,0,0,2,3,10,16,8,0,0,1,27,12,1
20210312,6,17,62,48,59,36,24,29,18,4,1,0,0,0,0,1,3,9,15,9,0,0,0,27,10,0
20210311,15,14,76,63,47,40,22,23,28,6,1,0,0,0,0,1,3,9,17,9,0,0,0,29,10,0
20210310,13,24,73,53,56,39,24,37,17,4,0,0,0,0,0,1,4,9,16,9,0,0,0,29,10,0
20210309,10,17,44,36,48,45,33,27,30,0,0,0,0,0,0,2,4,8,16,9,0,0,0,29,10,0
20210308,15,5,20,14,11,18,14,11,8,0,0,0,0,0,0,3,5,11,17,10,0,0,0,35,11,0
20210307,9,9,44,34,40,40,22,18,17,4,0,0,0,0,0,3,4,12,23,9,0,0,1,39,12,1
20210306,10,12,68,43,44,29,28,29,22,8,0,0,0,0,0,3,4,12,23,9,0,0,0,39,12,0
20210305,9,12,63,49,35,44,28,30,24,6,1,0,0,0,0,3,4,11,23,8,0,0,0,37,12,0
20210304,10,18,71,40,36,34,22,19,19,10,0,0,0,0,0,3,5,12,23,8,0,0,0,40,11,0
20210303,7,9,65,50,40,33,33,35,28,15,1,0,0,0,0,2,5,12,26,7,0,0,0,41,11,0
20210302,5,13,49,50,25,31,19,15,20,5,0,0,0,0,0,2,7,12,26,7,0,0,0,42,12,0
20210301,1,16,22,15,24,16,8,10,9,0,0,0,0,0,0,2,8,12,30,9,0,0,0,49,12,0
20210228,9,17,43,50,36,30,27,40,45,30,2,0,0,0,0,1,8,13,34,10,0,0,1,52,14,1
20210227,14,16,77,63,54,44,24,26,14,5,0,0,0,0,0,1,8,13,34,11,1,0,0,53,15,0
20210226,7,15,65,46,36,30,19,21,23,8,0,0,0,0,0,1,8,14,34,12,1,0,0,55,15,0
20210225,13,15,62,50,65,48,25,30,22,10,0,0,0,0,1,1,7,15,33,13,1,0,0,57,14,0
20210224,11,8,28,25,38,32,19,16,22,14,0,0,0,0,1,2,7,15,31,12,1,0,0,56,13,0
20210223,7,16,61,50,27,35,21,28,19,11,0,0,0,0,1,2,9,18,32,13,1,0,1,62,14,1
20210222,4,8,35,34,28,24,10,12,17,4,2,0,0,0,1,2,9,18,32,13,1,0,0,61,15,0
20210221,9,8,53,54,47,37,15,21,17,11,0,0,0,0,1,2,11,18,34,15,1,0,0,68,14,0
20210220,13,18,69,50,49,39,32,18,25,12,2,0,0,0,1,2,11,17,35,15,1,0,0,68,14,0
20210219,6,21,84,69,40,49,30,27,22,5,0,0,0,0,1,3,11,16,38,13,2,0,0,70,14,0
20210218,9,29,108,80,67,49,24,27,41,11,0,0,0,0,1,3,9,15,40,14,2,0,0,71,13,0
20210217,9,21,66,74,51,52,32,30,35,8,0,0,0,0,1,3,9,17,43,12,2,0,0,73,14,0
20210216,12,15,65,53,41,59,23,34,36,11,1,0,0,0,1,2,9,19,45,14,2,0,0,78,14,0
20210215,15,27,51,35,38,37,20,15,21,6,1,0,0,0,1,2,9,23,48,12,2,0,0,79,18,0
20210214,9,17,71,50,46,42,24,44,46,21,1,0,0,0,1,2,10,28,45,14,3,0,0,84,19,0
20210213,15,21,63,62,44,55,31,29,37,12,0,0,0,0,1,2,10,29,45,14,3,0,0,84,20,0
20210212,14,15,44,48,49,36,35,25,24,17,0,0,0,0,1,2,8,29,44,14,3,0,1,81,20,1
20210211,16,34,79,78,64,57,28,37,27,14,0,0,0,0,0,2,9,30,43,14,3,0,2,82,19,2
20210210,12,26,80,71,75,60,45,50,52,20,0,0,0,0,0,1,10,29,43,16,4,0,0,85,18,0
20210209,10,24,76,67,62,58,36,36,25,17,1,0,0,0,0,2,11,27,41,19,4,0,0,85,19,0
20210208,6,10,54,41,20,36,24,31,29,23,2,0,0,0,0,2,9,28,40,20,3,0,2,80,22,2
20210207,17,16,79,75,55,52,34,44,39,18,0,0,0,0,0,3,12,33,37,20,3,0,3,84,24,3
20210206,24,26,128,97,86,71,54,53,67,30,3,0,0,0,0,3,14,32,42,20,3,0,0,88,26,0
20210205,30,33,107,83,83,77,45,54,41,23,1,0,0,0,0,3,13,32,44,22,3,0,0,90,27,0
20210204,22,45,138,120,104,97,62,55,64,27,0,0,0,0,0,2,13,33,44,20,3,0,0,89,26,0
20210203,28,34,129,105,96,81,53,68,56,25,1,0,0,0,0,3,15,36,46,22,3,0,0,97,28,0
20210202,13,25,114,93,89,67,47,36,51,20,1,0,0,0,0,4,15,36,50,21,3,0,0,101,28,0
20210201,9,17,62,64,63,54,32,30,47,15,0,0,0,0,0,4,15,38,53,21,2,0,0,101,32,0
20210131,25,27,122,76,93,89,38,77,62,22,2,0,0,0,0,4,16,41,52,23,3,0,1,104,35,1
20210129,20,41,172,140,112,119,82,79,71,31,1,0,0,0,0,3,15,43,57,26,3,0,0,109,38,0
20210128,62,56,178,173,154,137,86,86,92,38,2,0,0,0,0,3,16,46,55,27,3,0,0,109,41,0
20210127,23,42,193,160,144,146,87,78,77,19,4,0,0,0,0,6,17,48,58,27,3,0,0,116,43,0
20210126,27,45,189,164,145,142,96,95,86,35,2,0,0,0,0,4,14,52,50,26,2,0,0,109,39,0
20210125,23,36,117,114,83,93,49,50,30,23,0,0,0,0,0,4,14,50,48,28,2,0,2,109,37,2
20210124,23,41,191,143,125,148,101,90,88,33,3,0,0,0,0,5,15,51,50,27,2,0,6,115,35,6
20210123,29,71,206,136,180,154,88,86,80,36,4,0,0,0,0,5,16,49,51,28,2,0,5,116,35,5
20210122,34,63,223,172,173,159,114,98,103,32,4,0,0,0,0,5,18,52,52,28,2,0,1,117,40,1
20210121,53,73,300,241,196,222,173,92,83,36,2,0,0,0,0,5,17,53,55,27,2,0,0,121,38,0
20210120,40,73,272,213,211,163,118,77,67,39,1,0,0,0,0,5,19,53,59,23,1,0,0,127,33,0
20210119,28,60,282,211,192,186,104,92,69,16,0,0,0,0,0,5,17,51,59,21,1,0,1,119,35,1
20210118,32,68,303,206,199,130,96,71,58,41,0,0,0,1,0,6,14,46,51,22,1,0,2,108,33,2
20210117,47,86,362,315,258,213,122,117,56,16,0,0,0,1,0,6,12,45,50,20,1,0,3,102,33,3
20210116,65,97,379,302,294,268,152,123,95,33,1,0,0,1,0,6,11,44,55,18,1,0,0,102,34,0
20210115,65,108,458,355,303,297,152,132,99,30,2,0,0,1,0,7,11,42,51,20,1,0,0,100,33,0
20210114,48,100,379,293,214,207,113,82,51,15,0,0,0,1,0,9,10,39,55,20,1,0,0,104,31,0
20210113,25,95,394,275,202,198,101,70,61,12,0,0,0,1,0,12,11,40,56,20,1,0,0,108,33,0
20210112,23,54,249,184,128,138,76,70,37,11,0,0,0,1,0,11,17,37,55,20,1,0,2,112,30,2
20210111,37,72,356,204,183,177,75,58,39,18,0,0,0,0,0,9,14,30,49,18,1,0,10,96,25,10
20210110,39,104,403,261,236,201,105,69,50,25,1,0,0,0,0,9,14,32,48,18,1,0,6,97,25,6
20210109,56,132,654,437,337,302,151,117,64,17,1,0,0,0,0,9,14,35,49,18,1,0,3,102,24,3
20210108,46,141,711,536,340,298,143,115,42,19,1,0,0,0,0,10,13,37,49,19,1,0,0,104,25,0
20210107,53,128,666,552,408,303,143,98,76,18,2,0,0,0,0,8,12,33,46,21,1,0,0,96,25,0
20210106,42,66,439,326,278,196,111,82,38,13,0,0,0,0,0,6,12,32,41,20,2,0,0,87,26,0
20210105,25,70,356,256,205,163,72,73,48,10,0,0,0,0,0,6,14,27,41,21,1,0,1,84,26,1
20210104,14,44,241,181,147,124,60,38,23,10,2,0,0,0,1,6,12,26,40,21,0,0,2,83,23,2
20210103,22,37,214,182,116,123,52,39,26,5,0,0,0,0,1,5,12,24,38,19,0,0,2,77,22,2
20210102,20,35,213,137,138,118,59,42,34,18,0,0,0,0,1,5,11,23,35,19,0,0,0,73,21,0
20210101,14,30,234,143,132,104,59,31,25,11,0,0,0,0,1,4,11,20,34,18,0,0,0,68,20,0
20201231,29,82,385,248,195,178,88,62,51,18,1,0,0,0,1,4,12,23,32,17,0,0,0,70,19,0
20201230,11,73,249,178,150,136,60,40,34,12,0,1,0,0,1,4,8,23,32,17,0,0,0,66,19,0
20201229,20,34,220,169,125,129,64,48,41,6,0,0,0,0,1,4,8,24,32,14,0,0,1,65,18,1
20201228,11,22,132,107,85,56,29,24,11,4,0,0,0,0,1,4,7,22,32,15,0,0,0,62,19,0
20201227,14,48,183,132,99,93,50,45,30,12,1,1,0,0,1,4,8,23,30,16,0,0,0,65,17,0
20201226,14,44,277,202,133,134,61,45,28,10,1,0,0,0,1,4,8,22,29,17,0,0,0,63,18,0
20201225,23,47,246,175,154,109,52,36,36,6,0,0,0,0,1,4,8,23,26,18,1,0,0,65,16,0
20201224,30,47,240,184,143,121,49,38,30,6,0,0,0,0,0,5,7,21,22,16,2,0,0,60,13,0
20201223,14,24,193,141,130,120,54,34,33,5,0,0,0,0,1,5,6,17,21,17,2,0,0,56,13,0
20201222,20,26,133,120,96,77,43,25,16,7,0,0,0,0,1,5,7,15,21,13,2,0,0,53,11,0
20201221,3,10,101,97,58,57,22,17,17,10,0,0,0,0,1,4,6,15,21,13,3,0,0,52,11,0
20201220,13,37,150,111,92,61,40,27,19,6,0,0,0,0,0,4,7,16,22,14,1,0,2,52,12,2
20201219,18,43,207,136,111,97,54,33,27,10,0,0,0,0,0,4,7,14,22,14,1,0,0,50,12,0
20201218,16,30,185,139,101,76,48,39,19,10,1,0,0,0,0,4,6,16,23,15,2,0,0,52,14,0
20201217,23,47,201,169,123,113,62,43,26,14,0,0,0,0,0,4,7,16,24,14,1,0,0,52,14,0
20201216,17,35,184,123,107,94,49,38,23,8,0,0,0,0,1,4,7,18,25,13,1,0,0,54,15,0
20201215,6,27,124,91,71,55,29,26,21,7,0,0,0,0,1,4,7,22,27,16,1,0,0,60,18,0
20201214,6,26,85,55,55,36,19,10,11,2,0,0,0,0,1,3,6,22,25,15,1,0,0,57,16,0
20201213,12,34,121,88,73,63,35,25,26,3,0,0,0,0,1,3,5,20,23,17,1,0,0,54,16,0
20201212,12,37,181,118,89,80,37,34,21,11,0,0,0,0,1,3,4,19,22,17,1,0,1,51,16,1
20201211,18,26,159,105,91,70,43,41,28,14,0,0,0,0,1,3,6,19,21,17,0,0,0,51,16,0
20201210,4,28,135,137,111,86,37,28,28,6,0,0,0,0,1,3,4,15,20,16,0,0,0,44,15,0
20201209,12,37,130,116,80,71,46,37,30,12,1,0,0,0,1,3,4,17,20,14,0,0,0,44,15,0
20201208,9,21,78,71,59,52,27,16,12,6,0,0,0,0,1,2,6,15,21,15,0,0,0,44,16,0
20201207,10,13,74,57,43,41,20,11,22,8,0,0,0,0,1,2,6,13,19,14,0,0,0,42,13,0
20201206,4,13,86,64,69,36,21,19,8,7,0,0,0,0,1,2,4,12,21,14,0,0,0,41,13,0
20201205,11,34,137,110,95,82,44,36,25,8,1,0,0,0,0,2,4,13,21,15,0,0,0,42,13,0
20201204,16,20,107,91,80,50,37,22,16,10,0,0,0,0,0,2,4,12,22,13,0,0,0,40,13,0
20201203,15,31,114,93,89,81,32,36,32,9,0,0,0,0,0,2,3,12,23,14,0,0,0,41,13,0
20201202,20,30,125,81,75,62,37,36,27,6,1,0,0,0,0,2,4,12,26,15,0,0,0,45,14,0
20201201,5,25,93,80,58,37,23,18,24,7,0,0,0,0,0,2,6,12,28,14,0,0,0,49,13,0
20201130,7,17,68,51,69,32,27,14,23,3,0,0,0,0,0,2,12,13,29,14,0,0,0,57,13,0
20201129,10,22,110,70,80,51,32,25,12,6,0,0,0,0,0,1,11,13,29,12,0,0,1,56,10,1
20201128,12,31,132,102,90,83,50,37,20,4,0,0,0,0,0,1,10,15,29,12,0,0,0,56,11,0
20201127,14,33,147,120,76,67,46,39,22,4,1,0,0,0,0,2,10,15,23,11,0,0,0,52,9,0
20201126,12,33,111,79,82,69,32,35,20,8,0,0,0,0,0,2,9,13,24,12,0,0,0,49,11,0
20201125,6,22,101,73,60,65,38,23,9,3,0,0,0,0,0,2,9,10,22,11,0,0,0,44,10,0
20201124,10,8,53,29,22,21,13,15,11,4,0,0,0,0,0,2,8,10,21,10,0,0,0,43,8,0
20201123,5,31,65,58,41,63,24,17,9,1,0,0,0,0,0,2,4,9,18,8,0,0,0,35,6,0
20201122,9,19,129,72,44,52,37,14,8,6,0,0,0,0,0,2,4,9,17,8,0,0,0,34,6,0
20201121,11,26,139,110,105,67,36,32,11,1,0,0,0,0,0,2,5,8,17,8,0,0,0,34,6,0
20201120,8,20,122,89,84,92,54,33,19,1,0,0,0,0,0,1,5,9,13,9,0,0,0,32,5,0
20201119,3,27,130,109,96,80,31,42,10,3,0,0,0,0,0,1,6,8,14,9,0,0,0,33,5,0
20201118,6,20,123,92,85,63,38,30,25,3,0,0,0,0,0,1,6,9,13,10,0,0,0,34,5,0
20201117,4,10,81,50,50,48,30,18,4,3,0,0,0,0,0,2,7,10,13,10,0,0,0,36,6,0
20201116,6,8,39,34,30,28,15,12,8,0,0,0,0,0,0,2,7,10,11,10,0,0,0,33,7,0
20201115,4,15,68,47,42,43,18,12,5,1,0,0,0,0,0,2,6,8,11,11,0,0,0,33,5,0
20201114,4,22,103,76,43,44,21,20,12,7,0,0,0,0,0,2,6,9,12,12,0,0,0,34,7,0
20201113,9,26,100,66,53,60,24,26,10,0,0,0,0,0,0,2,6,8,12,11,0,0,0,33,6,0
20201112,14,22,93,89,70,48,25,19,9,3,0,0,0,0,0,2,5,8,14,10,0,0,0,32,7,0
20201111,4,19,61,68,58,43,34,17,12,0,0,0,0,0,0,2,5,10,11,10,0,0,0,31,7,0
20201110,2,5,70,60,53,45,26,20,5,7,0,0,0,0,0,2,4,8,11,8,0,0,0,27,6,0
20201109,5,8,32,24,27,28,12,10,7,3,0,0,0,0,0,4,5,9,10,7,0,0,0,29,6,0
20201108,8,17,39,34,37,21,13,15,5,0,0,0,0,0,0,5,6,9,7,9,0,0,0,29,7,0
20201107,3,24,81,55,48,33,19,19,10,2,0,0,0,0,0,6,6,8,7,9,0,0,0,30,6,0
20201106,0,12,59,52,44,28,15,19,11,2,0,0,0,0,0,5,6,8,11,7,0,0,0,31,6,0
20201105,3,15,77,55,50,28,16,14,10,1,0,0,0,0,0,5,7,7,13,6,0,0,0,30,8,0
20201104,4,6,31,22,17,15,8,11,5,3,0,0,0,0,0,3,7,7,13,5,0,0,0,26,9,0
20201103,3,12,55,42,34,36,12,9,5,1,0,0,0,0,0,1,6,7,11,5,2,0,0,22,9,1
20201102,1,4,25,19,14,7,7,6,4,0,0,0,0,0,0,1,6,8,12,5,0,0,0,23,9,0
20201101,3,8,37,20,16,15,6,8,3,0,0,0,0,0,0,1,8,8,11,6,0,0,0,23,11,0
20201031,4,10,42,51,36,29,19,13,11,0,0,0,0,0,0,1,8,8,11,5,0,0,0,23,10,0
20201029,2,4,57,48,41,29,20,9,8,2,0,0,0,0,0,1,8,6,9,5,0,0,0,20,9,0
20201028,0,12,41,31,28,23,12,16,6,2,0,0,0,0,0,1,7,7,10,5,0,0,0,21,9,0
20201027,2,7,41,24,17,31,11,16,7,2,0,0,0,0,0,1,8,7,11,6,0,0,0,23,10,0
20201026,1,4,27,22,20,13,6,5,4,0,0,0,0,0,0,1,8,7,9,4,0,0,0,21,8,0
20201025,4,4,30,31,20,12,13,10,0,0,0,0,0,0,0,0,8,7,9,4,0,0,0,21,7,0
20201024,1,13,61,40,25,24,17,14,6,0,0,0,0,0,0,0,7,7,7,4,0,0,0,19,6,0
20201023,0,8,50,28,36,27,12,12,8,5,0,0,0,0,0,0,7,5,6,5,0,0,0,16,7,0
20201022,3,12,42,42,25,27,18,9,5,2,0,0,0,0,0,0,7,5,7,5,0,0,0,17,7,0
20201021,2,1,32,32,20,22,15,7,11,3,0,0,0,0,0,0,7,5,7,5,0,0,0,17,7,0
20201020,2,6,31,35,21,18,13,8,2,3,0,0,0,0,0,0,6,5,8,5,0,0,0,17,7,0
20201019,1,3,20,18,14,11,6,3,2,0,0,0,0,0,0,0,6,6,7,5,0,0,0,17,7,0
20201018,3,4,25,28,24,15,18,6,7,2,0,0,0,0,0,0,7,5,7,5,0,0,0,19,5,0
20201017,6,13,64,44,36,30,11,18,10,3,0,0,0,0,0,0,7,6,6,4,0,0,0,19,4,0
20201016,1,17,45,36,27,25,17,8,7,0,0,0,0,0,0,0,8,6,6,5,0,0,0,19,6,0
20201015,4,16,69,67,42,31,20,15,15,5,0,0,0,0,0,0,8,6,6,5,0,0,0,19,6,0
20201014,2,16,47,23,27,18,13,14,15,2,0,0,0,0,0,0,8,6,6,5,0,0,0,20,5,0
20201013,8,11,37,33,28,24,9,8,4,4,0,0,0,0,0,0,9,6,6,5,1,0,0,21,6,0
20201012,2,3,20,18,20,9,3,2,1,0,0,0,0,0,0,0,7,6,6,5,1,0,0,22,3,0
20201011,2,13,38,34,23,18,7,10,1,0,0,0,0,0,0,0,7,6,5,4,2,0,0,20,3,1
20201010,6,23,64,42,32,31,17,18,14,1,0,0,0,0,0,0,8,6,5,4,1,0,0,20,4,0
20201009,3,16,60,43,26,28,9,11,4,2,1,0,0,0,0,0,6,6,4,4,1,0,0,18,3,0
20201008,4,8,49,61,42,39,20,16,9,0,0,0,0,0,0,0,6,6,4,5,1,0,0,18,4,0
20201007,1,2,28,30,20,27,10,12,8,2,0,0,0,0,0,0,6,6,6,5,1,0,0,20,4,0
20201006,6,10,44,37,30,23,6,9,9,2,0,0,0,0,0,0,7,6,6,5,1,0,0,21,4,0
20201005,2,3,17,13,9,11,4,3,3,0,0,0,0,0,0,0,7,8,5,4,1,0,0,22,3,0
20201004,2,5,31,14,21,15,6,8,4,1,0,0,0,0,0,0,8,8,6,3,1,0,0,23,3,0
20201003,5,6,60,43,36,20,14,14,5,2,0,0,0,0,0,0,8,7,6,3,1,0,0,22,3,0
20201002,7,11,48,47,25,21,17,12,6,2,0,0,0,0,0,0,8,6,6,2,0,0,0,20,2,0
20201001,4,9,60,48,36,31,15,14,14,3,0,0,0,0,0,1,8,6,5,2,0,0,0,21,1,0
20200930,7,10,46,44,32,21,11,12,9,2,0,0,0,0,0,1,8,5,4,3,0,0,0,19,2,0
20200929,7,7,52,39,33,31,15,18,6,3,0,0,0,0,0,1,9,5,5,3,0,0,0,20,3,0
20200928,1,2,26,15,13,9,4,2,3,3,0,0,0,0,0,1,9,8,5,3,0,0,0,23,3,0
20200927,4,6,36,32,20,18,14,10,1,3,0,0,0,0,0,1,10,9,6,3,0,0,0,25,4,0
20200926,10,8,62,52,51,35,18,20,11,2,0,0,0,0,0,1,10,9,6,3,0,0,0,25,4,0
20200925,5,14,46,39,40,23,16,7,3,2,0,0,0,0,0,1,10,8,6,4,1,0,0,25,5,0
20200924,6,13,53,38,32,27,11,5,4,4,0,0,0,0,0,1,8,8,6,5,1,0,0,24,5,0
20200923,1,3,10,16,14,3,4,7,1,0,0,0,0,0,0,1,9,8,5,5,0,0,0,24,4,0
20200922,1,2,22,18,17,12,4,6,4,2,0,0,0,0,1,1,9,8,5,5,0,0,1,25,4,1
20200921,1,2,29,17,12,13,8,10,5,0,0,0,0,0,1,1,9,8,5,3,0,0,0,25,2,0
20200920,4,10,37,32,40,16,7,12,3,1,0,0,0,0,1,1,10,8,4,3,0,0,0,25,2,0
20200919,3,11,51,40,45,33,18,12,4,1,0,0,0,0,1,1,10,8,2,3,0,0,0,24,1,0
20200918,7,8,49,53,35,32,11,12,9,4,0,0,0,0,1,1,10,9,1,4,0,0,0,25,1,0
20200917,4,10,44,34,30,25,10,8,5,1,0,0,0,0,1,2,9,8,2,5,0,0,0,26,1,0
20200916,7,8,33,26,34,24,11,13,7,0,0,0,0,0,1,2,8,7,2,3,0,0,0,22,1,0
20200915,5,12,43,38,33,30,12,8,8,2,0,0,0,0,1,2,7,6,2,3,0,0,0,20,1,0
20200914,2,4,17,16,13,15,5,5,2,1,0,0,0,0,1,3,7,6,2,3,0,0,0,21,1,0
20200913,2,7,43,27,25,21,6,8,4,3,0,0,0,0,0,3,9,5,3,4,0,0,0,22,2,0
20200912,8,8,51,55,53,24,10,3,10,4,0,0,0,0,0,3,9,5,3,3,0,0,0,21,2,0
20200911,3,7,48,45,30,30,12,6,5,1,0,0,0,0,0,2,11,4,4,3,0,0,0,21,3,0
20200910,1,10,56,71,57,38,23,10,7,3,0,0,0,0,0,2,10,4,4,3,0,0,0,20,3,0
20200909,3,9,39,39,24,18,6,7,3,1,0,0,0,0,0,2,11,4,4,3,0,0,0,21,3,0
20200908,4,7,41,45,32,18,8,6,6,2,1,0,0,0,0,2,9,3,4,3,0,0,0,19,2,0
20200907,3,0,19,17,11,15,7,3,1,0,0,0,0,0,0,2,9,3,6,3,1,0,0,22,2,0
20200906,3,11,19,23,21,15,13,4,6,1,0,0,0,0,0,2,9,4,7,3,1,0,1,23,3,1
20200905,10,10,37,37,35,24,13,7,5,3,0,0,0,0,0,2,9,5,7,3,1,0,0,24,3,0
20200904,1,4,49,28,25,14,7,5,3,0,0,0,0,0,0,2,8,4,9,4,1,0,0,25,3,0
20200903,4,12,62,45,30,30,7,9,7,5,0,0,0,0,0,2,6,5,8,5,1,0,0,24,3,0
20200902,13,2,35,30,22,18,10,6,5,0,0,0,0,0,0,2,6,5,10,5,1,0,0,26,3,0
20200901,2,10,48,38,28,17,15,6,5,1,0,0,0,0,0,1,8,5,9,5,1,0,0,26,3,0
20200830,3,6,41,37,23,16,8,4,6,4,0,0,0,0,0,2,8,5,15,3,1,0,0,30,4,0
20200829,5,15,72,42,44,26,22,10,7,3,1,0,0,0,0,2,8,3,15,3,1,0,0,28,4,0
20200828,8,8,63,46,31,35,16,5,12,2,0,0,0,0,0,2,8,3,13,2,1,0,1,25,4,1
20200827,10,19,79,50,37,23,9,11,10,2,0,0,0,0,0,2,8,4,14,2,1,0,0,27,4,0
20200826,6,5,65,52,36,32,24,8,7,1,0,0,0,0,0,2,8,5,14,2,0,0,0,27,4,0
20200825,3,9,49,33,33,25,12,10,7,1,0,0,0,0,0,0,0,0,0,0,0,0,0,0,0,0
20200824,0,3,29,25,14,11,5,0,5,3,0,0,0,0,0,0,0,0,0,0,0,0,0,0,0,0
20200823,5,5,66,43,29,28,19,6,4,7,0,0,0,0,0,0,0,0,0,0,0,0,0,0,0,0
20200822,4,5,100,64,30,25,12,6,10,0,0,0,0,0,0,0,0,0,0,0,0,0,0,0,0,0
20200821,9,10,83,54,40,33,12,9,8,0,0,0,0,0,0,0,0,0,0,0,0,0,0,0,0,0
20200820,6,10,111,72,50,37,21,19,10,3,0,0,0,0,0,0,0,0,0,0,0,0,0,0,0,0
20200819,3,8,60,44,18,29,11,6,6,1,0,0,0,0,0,0,0,0,0,0,0,0,0,0,0,0
20200818,5,5,77,34,34,20,12,12,7,1,0,0,0,0,0,0,0,0,0,0,0,0,0,0,0,0
20200817,1,6,44,36,25,22,10,12,4,1,0,0,0,0,0,0,0,0,0,0,0,0,0,0,0,0
20200816,9,16,84,53,36,25,23,11,3,0,0,0,0,0,0,0,0,0,0,0,0,0,0,0,0,0
20200815,9,17,120,84,55,48,21,18,12,1,0,0,0,0,0,0,0,0,0,0,0,0,0,0,0,0
20200814,6,9,129,97,58,38,23,18,10,1,0,0,0,0,0,0,0,0,0,0,0,0,0,0,0,0
20200813,6,10,69,38,31,22,16,9,3,2,0,0,0,0,0,0,0,0,0,0,0,0,0,0,0,0
20200812,5,4,78,57,33,19,5,9,11,1,0,0,0,0,0,0,0,0,0,0,0,0,0,0,0,0
20200811,4,18,69,39,22,19,7,6,4,0,0,0,0,0,0,0,0,0,0,0,0,0,0,0,0,0
20200810,6,8,65,45,34,22,5,7,5,0,0,0,0,0,0,0,0,0,0,0,0,0,0,0,0,0
20200809,7,8,133,79,43,29,10,18,2,1,1,0,0,0,0,0,0,0,0,0,0,0,0,0,0,0
20200808,7,15,164,110,54,41,15,14,4,5,0,0,0,0,0,0,0,0,0,0,0,0,0,0,0,0
20200807,2,19,186,118,67,33,19,11,6,0,0,0,0,0,0,0,0,0,0,0,0,0,0,0,0,0
20200806,6,14,134,95,43,29,23,11,5,0,0,0,0,0,0,0,0,0,0,0,0,0,0,0,0,0
20200805,7,11,89,74,28,24,19,6,2,3,0,0,0,0,0,0,0,0,0,0,0,0,0,0,0,0
20200804,3,11,130,63,40,25,14,12,7,4,0,0,0,0,0,0,0,0,0,0,0,0,0,0,0,0
20200803,3,9,110,60,30,23,10,5,4,4,0,0,0,0,0,0,0,0,0,0,0,0,0,0,0,0
20200802,2,9,138,65,40,20,9,3,4,1,1,0,0,0,0,0,0,0,0,0,0,0,0,0,0,0
20200801,9,15,216,108,51,38,21,7,6,1,0,0,0,0,0,0,0,0,0,0,0,0,0,0,0,0
20200730,2,9,147,89,53,30,13,16,5,3,0,0,0,0,0,0,0,0,0,0,0,0,0,0,0,0
20200729,3,6,100,60,38,18,15,6,3,1,0,0,0,0,0,0,0,0,0,0,0,0,0,0,0,0
20200728,4,9,101,67,29,36,6,7,6,1,0,0,0,0,0,0,0,0,0,0,0,0,0,0,0,0
20200727,1,4,55,24,23,11,7,2,4,0,0,0,0,0,0,0,0,0,0,0,0,0,0,0,0,0
20200726,1,3,89,59,29,23,11,15,6,3,0,0,0,0,0,0,0,0,0,0,0,0,0,0,0,0
20200725,6,14,119,66,48,27,7,6,1,1,0,0,0,0,0,0,0,0,0,0,0,0,0,0,0,0
20200724,2,4,108,78,32,23,6,4,2,1,0,0,0,0,0,0,0,0,0,0,0,0,0,0,0,0
20200723,9,15,139,93,51,23,15,15,5,1,0,0,0,0,0,0,0,0,0,0,0,0,0,0,0,0
20200722,8,9,86,58,31,20,14,10,2,0,0,0,0,0,0,0,0,0,0,0,0,0,0,0,0,0
20200721,0,4,83,54,37,30,11,10,8,0,0,0,0,0,0,0,0,0,0,0,0,0,0,0,0,0
20200720,1,2,69,39,27,13,8,5,3,1,0,0,0,0,0,0,0,0,0,0,0,0,0,0,0,0
20200719,3,3,84,45,26,13,7,6,1,0,0,0,0,0,0,0,0,0,0,0,0,0,0,0,0,0
20200718,4,9,125,64,40,21,10,5,8,4,0,0,0,0,0,0,0,0,0,0,0,0,0,0,0,0
20200717,1,6,147,63,34,24,5,5,5,3,0,0,0,0,0,0,0,0,0,0,0,0,0,0,0,0
20200716,5,9,139,57,31,20,15,4,4,2,0,0,0,0,0,0,0,0,0,0,0,0,0,0,0,0
20200715,7,3,69,36,24,8,8,8,2,0,0,0,0,0,0,0,0,0,0,0,0,0,0,0,0,0
20200714,7,6,64,29,16,10,7,2,2,0,0,0,0,0,0,0,0,0,0,0,0,0,0,0,0,0
20200713,0,3,51,33,15,12,2,2,0,0,0,0,0,0,0,0,0,0,0,0,0,0,0,0,0,0
20200712,14,7,87,46,20,9,11,5,2,5,0,0,0,0,0,0,0,0,0,0,0,0,0,0,0,0
20200711,12,3,90,54,22,15,5,4,1,0,0,0,0,0,0,0,0,0,0,0,0,0,0,0,0,0
20200710,2,7,126,60,22,13,8,4,1,0,0,0,0,0,0,0,0,0,0,0,0,0,0,0,0,0
20200709,10,4,109,60,18,12,7,3,1,0,0,0,0,0,0,0,0,0,0,0,0,0,0,0,0,0
20200708,4,4,33,17,10,6,1,0,0,0,0,0,0,0,0,0,0,0,0,0,0,0,0,0,0,0
20200707,4,5,43,27,15,6,6,0,0,0,0,0,0,0,0,0,0,0,0,0,0,0,0,0,0,0
20200706,0,3,53,19,12,11,3,0,1,0,0,0,0,0,0,0,0,0,0,0,0,0,0,0,0,0
20200705,1,4,49,24,14,6,2,3,3,4,1,0,0,0,0,0,0,0,0,0,0,0,0,0,0,0
20200704,4,4,74,24,15,3,2,2,2,1,0,0,0,0,0,0,0,0,0,0,0,0,0,0,0,0
20200703,0,4,60,37,9,6,4,2,1,1,0,0,0,0,0,0,0,0,0,0,0,0,0,0,0,0
20200702,3,2,37,34,11,10,2,3,2,3,0,0,0,0,0,0,0,0,0,0,0,0,0,0,0,0
20200701,2,2,35,14,9,3,2,0,0,0,0,0,0,0,0,0,0,0,0,0,0,0,0,0,0,0
20200630,2,5,16,10,8,7,2,3,1,0,0,0,0,0,0,0,0,0,0,0,0,0,0,0,0,0
20200629,0,1,32,14,4,2,0,1,2,2,0,0,0,0,0,0,0,0,0,0,0,0,0,0,0,0
20200628,0,1,33,12,7,4,1,1,0,1,0,0,0,0,0,0,0,0,0,0,0,0,0,0,0,0
20200627,0,0,27,14,7,7,0,1,1,0,0,0,0,0,0,0,0,0,0,0,0,0,0,0,0,0
20200626,1,1,26,14,7,2,3,0,0,0,0,0,0,0,0,0,0,0,0,0,0,0,0,0,0,0
20200625,4,2,20,8,6,5,1,1,0,1,0,0,0,0,0,0,0,0,0,0,0,0,0,0,0,0
20200624,0,1,32,9,5,4,3,1,0,0,0,0,0,0,0,0,0,0,0,0,0,0,0,0,0,0
20200623,0,0,13,7,4,1,3,3,0,0,0,0,0,0,0,0,0,0,0,0,0,0,0,0,0,0
20200622,0,0,14,7,4,2,2,0,0,0,0,0,0,0,0,0,0,0,0,0,0,0,0,0,0,0
20200621,0,0,20,11,1,1,0,1,0,0,0,0,0,0,0,0,0,0,0,0,0,0,0,0,0,0
20200620,0,1,15,17,3,3,0,0,0,0,0,0,0,0,0,0,0,0,0,0,0,0,0,0,0,0
20200619,0,2,14,7,5,1,1,4,1,0,0,0,0,0,0,0,0,0,0,0,0,0,0,0,0,0
20200618,0,1,15,12,3,2,5,1,2,0,0,0,0,0,0,0,0,0,0,0,0,0,0,0,0,0
20200617,0,0,3,5,2,0,3,1,2,0,0,0,0,0,0,0,0,0,0,0,0,0,0,0,0,0
20200616,1,1,14,7,0,2,0,2,0,0,0,0,0,0,0,0,0,0,0,0,0,0,0,0,0,0
20200615,0,0,29,8,4,2,4,1,0,0,0,0,0,0,0,0,0,0,0,0,0,0,0,0,0,0
20200614,0,4,26,8,2,1,3,2,1,0,0,0,0,0,0,0,0,0,0,0,0,0,0,0,0,0
20200613,0,0,8,7,0,2,3,4,0,0,0,0,0,0,0,0,0,0,0,0,0,0,0,0,0,0
20200612,0,0,12,9,0,3,0,0,1,0,0,0,0,0,0,0,0,0,0,0,0,0,0,0,0,0
20200611,0,0,12,3,1,1,2,1,2,0,0,0,0,0,0,0,0,0,0,0,0,0,0,0,0,0
20200610,0,0,7,5,3,0,1,0,2,0,0,0,0,0,0,0,0,0,0,0,0,0,0,0,0,0
20200609,0,1,4,1,1,1,1,1,1,1,0,0,0,0,0,0,0,0,0,0,0,0,0,0,0,0
20200608,0,0,8,3,1,1,0,0,0,0,0,0,0,0,0,0,0,0,0,0,0,0,0,0,0,0
20200607,0,1,2,4,3,4,0,0,0,0,0,0,0,0,0,0,0,0,0,0,0,0,0,0,0,0
20200606,0,0,12,7,3,2,1,1,0,0,0,0,0,0,0,0,0,0,0,0,0,0,0,0,0,0
20200605,0,0,8,4,4,3,0,0,1,0,0,0,0,0,0,0,0,0,0,0,0,0,0,0,0,0
20200604,0,1,13,9,1,1,1,0,2,0,0,0,0,0,0,0,0,0,0,0,0,0,0,0,0,0
20200603,0,0,2,4,4,1,0,1,0,0,0,0,0,0,0,0,0,0,0,0,0,0,0,0,0,0
20200602,0,0,9,6,2,3,3,6,4,1,0,0,0,0,0,0,0,0,0,0,0,0,0,0,0,0
20200601,0,0,7,2,2,1,0,1,0,0,0,0,0,0,0,0,0,0,0,0,0,0,0,0,0,0
20200530,0,0,4,0,1,2,2,3,2,0,0,0,0,0,0,0,0,0,0,0,0,0,0,0,0,0
20200529,0,0,4,7,2,3,1,4,0,0,0,0,0,0,0,0,0,0,0,0,0,0,0,0,0,0
20200528,0,2,3,6,1,1,0,0,2,0,0,0,0,0,0,0,0,0,0,0,0,0,0,0,0,0
20200527,0,2,1,3,1,1,0,2,0,1,0,0,0,0,0,0,0,0,0,0,0,0,0,0,0,0
20200526,0,0,5,1,1,1,2,0,0,0,0,0,0,0,0,0,0,0,0,0,0,0,0,0,0,0
20200525,0,0,2,3,0,1,0,0,1,1,0,0,0,0,0,0,0,0,0,0,0,0,0,0,0,0
20200524,0,1,4,4,2,1,1,1,0,0,0,0,0,0,0,0,0,0,0,0,0,0,0,0,0,0
20200523,0,0,0,1,0,0,1,0,0,0,0,0,0,0,0,0,0,0,0,0,0,0,0,0,0,0
20200522,0,0,1,0,0,1,1,0,0,0,0,0,0,0,0,0,0,0,0,0,0,0,0,0,0,0
20200521,1,1,3,1,1,1,1,1,1,0,0,0,0,0,0,0,0,0,0,0,0,0,0,0,0,0
20200520,0,0,2,0,1,0,0,1,1,0,0,0,0,0,0,0,0,0,0,0,0,0,0,0,0,0
20200519,0,0,1,0,2,1,0,1,0,0,0,0,0,0,0,0,0,0,0,0,0,0,0,0,0,0
20200518,0,0,2,3,0,0,2,1,2,0,0,0,0,0,0,0,0,0,0,0,0,0,0,0,0,0
20200517,0,0,2,1,0,0,0,1,1,0,0,0,0,0,0,0,0,0,0,0,0,0,0,0,0,0
20200516,0,0,6,1,0,1,2,2,0,2,0,0,0,0,0,0,0,0,0,0,0,0,0,0,0,0
20200515,0,0,2,1,2,1,0,0,1,2,0,0,0,0,0,0,0,0,0,0,0,0,0,0,0,0
20200514,0,0,8,6,1,0,2,4,5,4,0,0,0,0,0,0,0,0,0,0,0,0,0,0,0,0
20200513,0,0,3,2,2,1,2,0,0,0,0,0,0,0,0,0,0,0,0,0,0,0,0,0,0,0
20200512,0,2,5,3,3,2,3,4,3,3,0,0,0,0,0,0,0,0,0,0,0,0,0,0,0,0
20200511,0,0,7,0,0,3,1,1,2,0,1,0,0,0,0,0,0,0,0,0,0,0,0,0,0,0
20200510,1,0,5,1,3,0,4,2,6,0,0,0,0,0,0,0,0,0,0,0,0,0,0,0,0,0
20200509,1,0,11,6,2,7,4,2,2,1,0,0,0,0,0,0,0,0,0,0,0,0,0,0,0,0
20200508,0,2,6,10,6,5,2,3,4,1,0,0,0,0,0,0,0,0,0,0,0,0,0,0,0,0
20200507,0,0,4,3,3,2,3,4,0,3,1,0,0,0,0,0,0,0,0,0,0,0,0,0,0,0
20200506,0,0,7,6,2,5,0,8,7,3,0,0,0,0,0,0,0,0,0,0,0,0,0,0,0,0
20200505,2,1,13,8,7,8,8,4,3,4,0,0,0,0,0,0,0,0,0,0,0,0,0,0,0,0
20200504,0,0,15,12,8,11,5,13,16,7,0,0,0,0,0,0,0,0,0,0,0,0,0,0,0,0
20200503,0,2,17,18,17,14,8,6,9,0,0,0,0,0,0,0,0,0,0,0,0,0,0,0,0,0
20200502,2,7,29,18,19,27,19,14,10,7,0,2,0,0,0,0,0,0,0,0,0,0,0,0,0,0
20200501,2,1,22,27,17,12,18,19,30,17,0,0,0,0,0,0,0,0,0,0,0,0,0,0,0,0
20200430,3,0,6,7,3,4,5,7,6,5,0,0,0,0,0,0,0,0,0,0,0,0,0,0,0,0
20200429,4,0,7,7,5,7,4,8,5,0,0,0,0,0,0,0,0,0,0,0,0,0,0,0,0,0
20200428,2,3,22,12,13,16,11,16,9,8,0,0,0,0,0,0,0,0,0,0,0,0,0,0,0,0
20200427,3,0,10,5,3,5,4,4,1,4,0,0,0,0,0,0,0,0,0,0,0,0,0,0,0,0
20200426,1,3,14,4,12,9,9,9,3,8,0,0,0,0,0,0,0,0,0,0,0,0,0,0,0,0
20200425,1,3,11,20,13,20,11,7,8,7,0,2,0,0,0,0,0,0,0,0,0,0,0,0,0,0
20200424,1,3,39,25,21,25,11,12,14,8,1,1,0,0,0,0,0,0,0,0,0,0,0,0,0,0
20200423,2,3,18,26,23,13,12,15,14,8,0,0,0,0,0,0,0,0,0,0,0,0,0,0,0,0
20200422,8,2,32,24,11,25,8,14,6,2,0,0,0,0,0,0,0,0,0,0,0,0,0,0,0,0
20200421,0,0,22,16,20,29,16,10,7,3,0,0,0,0,0,0,0,0,0,0,0,0,0,0,0,0
20200420,1,2,18,20,19,15,11,9,4,2,0,1,0,0,0,0,0,0,0,0,0,0,0,0,0,0
20200419,1,1,18,19,20,12,15,14,2,5,0,0,0,0,0,0,0,0,0,0,0,0,0,0,0,0
20200418,2,7,29,30,28,35,16,17,12,5,0,0,0,0,0,0,0,0,0,0,0,0,0,0,0,0
20200417,2,2,30,32,36,33,26,17,18,4,0,1,0,0,0,0,0,0,0,0,0,0,0,0,0,0
20200416,4,3,27,34,20,26,17,10,6,2,0,0,0,0,0,0,0,0,0,0,0,0,0,0,0,0
20200415,3,0,19,14,22,25,17,13,14,0,0,0,0,0,0,0,0,0,0,0,0,0,0,0,0,0
20200414,2,1,29,26,43,28,19,11,0,1,0,1,0,0,0,0,0,0,0,0,0,0,0,0,0,0
20200413,1,1,21,19,17,27,8,4,2,0,0,0,0,0,0,0,0,0,0,0,0,0,0,0,0,0
20200410,0,2,48,44,29,32,17,9,5,1,0,1,0,0,0,0,0,0,0,0,0,0,0,0,0,0
20200409,4,3,18,41,36,29,20,18,10,1,0,1,0,0,0,0,0,0,0,0,0,0,0,0,0,0
20200408,0,1,28,33,19,22,16,14,10,1,0,0,0,0,0,0,0,0,0,0,0,0,0,0,0,0
20200407,2,1,12,19,17,15,7,5,2,0,0,0,0,0,0,0,0,0,0,0,0,0,0,0,0,0
20200406,0,0,18,21,15,11,12,6,0,0,0,0,0,0,0,0,0,0,0,0,0,0,0,0,0,0
20200405,0,1,37,33,20,17,12,5,8,3,0,7,0,0,0,0,0,0,0,0,0,0,0,0,0,0
20200404,0,2,19,21,18,17,15,15,7,3,0,0,0,0,0,0,0,0,0,0,0,0,0,0,0,0
20200403,0,1,11,23,16,14,10,9,4,0,0,1,0,0,0,0,0,0,0,0,0,0,0,0,0,0
20200402,2,4,19,15,20,14,9,10,3,1,0,0,0,0,0,0,0,0,0,0,0,0,0,0,0,0
20200401,0,1,10,16,18,11,8,2,0,0,0,0,0,0,0,0,0,0,0,0,0,0,0,0,0,0
